draw,budget_tCO2,overshoot_tCO2,responsibility_share,equality_share,capability_share
0,254435940.8468205,45564059.15372518,0.016497139117826413,0.007,0.016319009377124032
1,221141236.82218653,78858763.17835915,0.016497139117826413,0.007,0.0149386179500332
2,248040689.06401813,51959310.93652755,0.016497139117826413,0.007,0.01660536026624183
3,247851409.51781344,52148590.48273224,0.016497139117826413,0.007,0.01669227294784299
4,248103935.15368935,51896064.846856326,0.016497139117826413,0.007,0.01740457124173991
5,257674832.50170466,42325167.49884102,0.016497139117826413,0.007,0.015921262581519446
6,274854913.10016173,25145086.90038395,0.016497139117826413,0.007,0.017051177602624135
7,256719051.62563205,43280948.37491363,0.016497139117826413,0.007,0.017849418102578514
8,260252819.7111291,39747180.28941658,0.016497139117826413,0.007,0.016185378142406073
9,268234422.88436624,31765577.116179436,0.016497139117826413,0.007,0.01671462244496615
10,255332068.81546003,44667931.185085654,0.016497139117826413,0.007,0.016637556682089317
11,242612800.9325926,57387199.06795308,0.016497139117826413,0.007,0.016098343352418484
12,262765368.65855956,37234631.34198612,0.016497139117826413,0.007,0.016348605980750143
13,236375353.63089025,63624646.36965543,0.016497139117826413,0.007,0.015627993265258187
14,259671321.21374804,40328678.78679764,0.016497139117826413,0.007,0.017214649618425542
15,261377978.17060947,38622021.82993621,0.016497139117826413,0.007,0.01685587742331718
16,279336232.4887214,24666443.654596865,0.016497139117826413,0.007,0.01793017198898732
17,238650507.18319976,61349492.81734592,0.016497139117826413,0.007,0.01648052535538355
18,252576799.5997977,47423200.400747985,0.016497139117826413,0.007,0.01594604105500249
19,234341304.67172375,65658695.32882193,0.016497139117826413,0.007,0.014583534413663248
20,244255259.9442987,55744740.056246966,0.016497139117826413,0.007,0.016259355726851592
21,256665123.88461906,43334876.11592662,0.016497139117826413,0.007,0.018192345882934047
22,261738537.59539047,38261462.40515521,0.016497139117826413,0.007,0.01708436503380791
23,250505513.75929052,49494486.241255164,0.016497139117826413,0.007,0.01630331394788058
24,241112072.22281915,58887927.77772653,0.016497139117826413,0.007,0.01600072525997026
25,229528839.9493271,70471160.05121857,0.016497139117826413,0.007,0.01690193698616832
26,249634859.37668893,50365140.62385675,0.016497139117826413,0.007,0.016306040321122
27,268763475.6833465,31236524.31719917,0.016497139117826413,0.007,0.017309563238153358
28,268091137.16696635,31908862.83357933,0.016497139117826413,0.007,0.01637412597306389
29,254573107.63180882,45426892.36873686,0.016497139117826413,0.007,0.01622545892225532
30,251271355.67284036,48728644.32770532,0.016497139117826413,0.007,0.014798993771145312
31,261016714.95265412,38983285.04789156,0.016497139117826413,0.007,0.015814040151715156
32,245143323.05211145,54856676.94843423,0.016497139117826413,0.007,0.016906727391122884
33,274306127.54171365,25693872.458832026,0.016497139117826413,0.007,0.017984380775839446
34,258036031.95351687,41963968.04702881,0.016497139117826413,0.007,0.016099105364297248
35,251113193.46198064,48886806.53856504,0.016497139117826413,0.007,0.016330995506970303
36,269418462.6620109,30581537.338534772,0.016497139117826413,0.007,0.017100608530722646
37,271620433.8386561,28379566.161889553,0.016497139117826413,0.007,0.017024823896762346
38,255149836.26991618,44850163.730629504,0.016497139117826413,0.007,0.017068094384470822
39,255882327.70050728,44117672.3000384,0.016497139117826413,0.007,0.01661369228811023
40,236502330.19455066,63497669.80599502,0.016497139117826413,0.007,0.016554783537312667
41,259302006.85566288,40697993.1448828,0.016497139117826413,0.007,0.017757076518596825
42,261756282.92014208,38243717.080403596,0.016497139117826413,0.007,0.018136808421310824
43,257032329.19600654,42967670.804539144,0.016497139117826413,0.007,0.01667824544267191
44,241709155.23175275,58290844.76879293,0.016497139117826413,0.007,0.01607482372778987
45,259859631.64844552,40140368.35210016,0.016497139117826413,0.007,0.018000308622679918
46,237178340.0912892,62821659.90925649,0.016497139117826413,0.007,0.01725503580762544
47,227859160.58007613,72140839.42046955,0.016497139117826413,0.007,0.015759135955551708
48,241953519.73138514,58046480.26916054,0.016497139117826413,0.007,0.015758083807508143
49,263727762.86858144,36272237.13196424,0.016497139117826413,0.007,0.01777500006037238
50,237548092.90951306,62451907.091032624,0.016497139117826413,0.007,0.01612754011971257
51,235254528.28686738,64745471.7136783,0.016497139117826413,0.007,0.015246773930807722
52,245392589.22228143,54607410.778264254,0.016497139117826413,0.007,0.017902009787906074
53,249327099.94968855,50672900.05085713,0.016497139117826413,0.007,0.017278660778995078
54,262802104.88752356,37197895.11302212,0.016497139117826413,0.007,0.017918461322042292
55,257795761.37090054,42204238.62964514,0.016497139117826413,0.007,0.017179965618417312
56,255375835.98337385,44624164.01717183,0.016497139117826413,0.007,0.015409541287711933
57,257786675.31916258,42213324.6813831,0.016497139117826413,0.007,0.01648320799727778
58,246588589.05662668,53411410.943919,0.016497139117826413,0.007,0.0170514563148783
59,260044639.73043418,39955360.2701115,0.016497139117826413,0.007,0.015937418773741666
60,248706960.84732196,51293039.15322372,0.016497139117826413,0.007,0.015484593850113122
61,258914607.7401816,41085392.260364085,0.016497139117826413,0.007,0.016193938321244553
62,260525624.4823284,39474375.518217295,0.016497139117826413,0.007,0.017324186888680128
63,261566217.7621079,38433782.23843777,0.016497139117826413,0.007,0.01695296898462322
64,245154212.07549912,54845787.92504656,0.016497139117826413,0.007,0.016861770817619543
65,224660305.06181785,75339694.93872783,0.016497139117826413,0.007,0.01501827339305709
66,244592208.15012956,55407791.850416124,0.016497139117826413,0.007,0.015061898371458805
67,241718205.47117564,58281794.52937004,0.016497139117826413,0.007,0.01446363066707409
68,271196976.6285039,28803023.372041762,0.016497139117826413,0.007,0.016962753359535294
69,271167003.94139117,28832996.05915451,0.016497139117826413,0.007,0.018308967000429215
70,250765156.82743502,49234843.173110664,0.016497139117826413,0.007,0.016492363108138383
71,252746836.18557405,47253163.814971626,0.016497139117826413,0.007,0.016520330638387756
72,241460892.99221778,58539107.0083279,0.016497139117826413,0.007,0.01503317457776391
73,258224521.50464907,41775478.49589661,0.016497139117826413,0.007,0.01665969937846961
74,232336983.14207813,67663016.85846755,0.016497139117826413,0.007,0.01632323610303563
75,269768264.993849,30231735.0066967,0.016497139117826413,0.007,0.017949331103167217
76,255717996.42467472,44282003.57587096,0.016497139117826413,0.007,0.016200378742515047
77,264639974.88255912,35360025.11798656,0.016497139117826413,0.007,0.016878637218057286
78,247046298.74502307,52953701.25552261,0.016497139117826413,0.007,0.015909240155380113
79,256303157.79809275,43696842.20245293,0.016497139117826413,0.007,0.017959747897576737
80,239525273.9744342,60474726.02611148,0.016497139117826413,0.007,0.01769360564968874
81,264309736.25173283,35690263.748812854,0.016497139117826413,0.007,0.016652486174866074
82,235115616.7085696,64884383.291976094,0.016497139117826413,0.007,0.015750678728084003
83,251189050.51567283,48810949.48487285,0.016497139117826413,0.007,0.017093821410519166
84,249144725.58763042,50855274.41291526,0.016497139117826413,0.007,0.01682459929056887
85,275254532.8503575,24980420.549746573,0.016497139117826413,0.007,0.017867842013591685
86,251721882.92343414,48278117.07711154,0.016497139117826413,0.007,0.014784532428644154
87,242277111.35368893,57722888.646856755,0.016497139117826413,0.007,0.015658621008247487
88,262988324.77097875,37011675.22956693,0.016497139117826413,0.007,0.017023227563446926
89,258515898.10830194,41484101.89224374,0.016497139117826413,0.007,0.017659052450622766
90,265447303.2429986,34552696.75754708,0.016497139117826413,0.007,0.017150852238833347
91,261378226.66598397,38621773.334561706,0.016497139117826413,0.007,0.017208074935605427
92,256379743.4343568,43620256.56618887,0.016497139117826413,0.007,0.01659505299240353
93,252600718.82507035,47399281.17547533,0.016497139117826413,0.007,0.017426163569987593
94,256059079.19360912,43940920.80693656,0.016497139117826413,0.007,0.018016574240589268
95,262744686.57804796,37255313.42249772,0.016497139117826413,0.007,0.017363093729569828
96,250272230.6668569,49727769.333688766,0.016497139117826413,0.007,0.0169647337732946
97,255048649.81981513,44951350.18073055,0.016497139117826413,0.007,0.015093498373670838
98,239486128.36511642,60513871.63542926,0.016497139117826413,0.007,0.0156265863873345
99,225069549.27493912,74930450.72560656,0.016497139117826413,0.007,0.015698064322323266
100,247040951.99039823,52959048.01014745,0.016497139117826413,0.007,0.01518967706284246
101,250926857.87696043,49073142.123585254,0.016497139117826413,0.007,0.015974567761196705
102,276715067.2194254,24868071.752666175,0.016497139117826413,0.007,0.01773693157702891
103,244250222.2377722,55749777.762773484,0.016497139117826413,0.007,0.01683686533879876
104,244602814.8326018,55397185.167943895,0.016497139117826413,0.007,0.015825244311450888
105,263618525.04935533,36381474.95119035,0.016497139117826413,0.007,0.017268059295861508
106,283188571.05411106,24370109.91865003,0.016497139117826413,0.007,0.01804090459571538
107,241840921.89381018,58159078.1067355,0.016497139117826413,0.007,0.016019619409303347
108,276822266.6405973,24859825.643538892,0.016497139117826413,0.007,0.018624913331774153
109,236848526.1148156,63151473.88573009,0.016497139117826413,0.007,0.016512839815268535
110,266996982.79145277,33003017.209092915,0.016497139117826413,0.007,0.017514022897776753
111,256689270.13906813,43310729.861477554,0.016497139117826413,0.007,0.018234607928211088
112,250747252.81916195,49252747.18138373,0.016497139117826413,0.007,0.016935532618812622
113,244742885.6865336,55257114.31401208,0.016497139117826413,0.007,0.016802088675466478
114,256427895.76367557,43572104.23687011,0.016497139117826413,0.007,0.01694264725369179
115,248227671.88953224,51772328.11101344,0.016497139117826413,0.007,0.016498497290254367
116,252894079.40594885,47105920.59459683,0.016497139117826413,0.007,0.016404960316299892
117,244320335.11654866,55679664.88399702,0.016497139117826413,0.007,0.015450515530668915
118,247107192.45781255,52892807.54273313,0.016497139117826413,0.007,0.014781955930470849
119,246277906.4151785,53722093.58536717,0.016497139117826413,0.007,0.015586878639790327
120,274635284.20961064,25364715.79093504,0.016497139117826413,0.007,0.01674256192600469
121,247864666.40632445,52135333.594221234,0.016497139117826413,0.007,0.01584256291797112
122,267673412.5509703,32326587.449575394,0.016497139117826413,0.007,0.017370858308565076
123,261590187.19508386,38409812.805461824,0.016497139117826413,0.007,0.017485169045647637
124,238366148.18017602,61633851.82036966,0.016497139117826413,0.007,0.016365092371239013
125,241165647.3586381,58834352.64190757,0.016497139117826413,0.007,0.016399003807877007
126,250891982.16965094,49108017.83089474,0.016497139117826413,0.007,0.016603231333407617
127,262671783.97059867,37328216.02994701,0.016497139117826413,0.007,0.017700759572643235
128,241559986.6431476,58440013.35739809,0.016497139117826413,0.007,0.015841541366587362
129,246885140.19749466,53114859.803051025,0.016497139117826413,0.007,0.017061154583614273
130,256762605.50980592,43237394.49073976,0.016497139117826413,0.007,0.01676179361802138
131,246974655.44720352,53025344.55334216,0.016497139117826413,0.007,0.015642589632059573
132,249047779.4985414,50952220.502004266,0.016497139117826413,0.007,0.01615855252576579
133,234760431.8208389,65239568.17970678,0.016497139117826413,0.007,0.0148613264166177
134,263046657.67845738,36953342.3220883,0.016497139117826413,0.007,0.015961311233683828
135,260838695.68410388,39161304.316441804,0.016497139117826413,0.007,0.016263176427259475
136,236484093.70211592,63515906.29842976,0.016497139117826413,0.007,0.016152798132116238
137,272595767.0458058,27404232.95473987,0.016497139117826413,0.007,0.016951671919789014
138,217143145.87432635,82856854.12621933,0.016497139117826413,0.007,0.014772729500585424
139,238702835.80274773,61297164.197797954,0.016497139117826413,0.007,0.015834080979982
140,263600173.0810227,36399826.91952297,0.016497139117826413,0.007,0.015905670291911044
141,234187422.9521492,65812577.04839647,0.016497139117826413,0.007,0.01559545994412293
142,258321291.04780862,41678708.95273706,0.016497139117826413,0.007,0.015802378662404373
143,239701926.51544362,60298073.48510206,0.016497139117826413,0.007,0.01696370168552025
144,233623110.65630284,66376889.34424284,0.016497139117826413,0.007,0.015743084901351307
145,258311245.4907356,41688754.50981009,0.016497139117826413,0.007,0.016296770353784365
146,267553061.21460286,32446938.785942823,0.016497139117826413,0.007,0.017592996049372138
147,268051813.72430098,31948186.2762447,0.016497139117826413,0.007,0.018079108276864934
148,244566917.17884457,55433082.82170111,0.016497139117826413,0.007,0.01771661370485431
149,258704796.6869188,41295203.313626885,0.016497139117826413,0.007,0.0181938773530155
150,230062211.48974654,69937788.51079914,0.016497139117826413,0.007,0.016382429700886
151,263560489.97557247,36439510.02497321,0.016497139117826413,0.007,0.01733757158702814
152,266191491.10935855,33808508.89118713,0.016497139117826413,0.007,0.016905386976797086
153,254932897.43465373,45067102.56589195,0.016497139117826413,0.007,0.01798722558548667
154,262031766.9157939,37968233.084751785,0.016497139117826413,0.007,0.016988278058444203
155,263480550.42659903,36519449.573946655,0.016497139117826413,0.007,0.015298364993101955
156,247713637.36240155,52286362.638144135,0.016497139117826413,0.007,0.015539600826632902
157,243927571.3226627,56072428.67788297,0.016497139117826413,0.007,0.0171782519344487
158,256795972.48491937,43204027.51562631,0.016497139117826413,0.007,0.014531286627136037
159,263673204.5085764,36326795.49196929,0.016497139117826413,0.007,0.015996429599802055
160,231348114.38058224,68651885.61996344,0.016497139117826413,0.007,0.01572142759719214
161,274595290.1641417,25404709.836403966,0.016497139117826413,0.007,0.017258760957464116
162,247856314.7775623,52143685.22298339,0.016497139117826413,0.007,0.01725798153783583
163,228336270.73426807,71663729.26627761,0.016497139117826413,0.007,0.014904158668002682
164,245836481.23555183,54163518.76499385,0.016497139117826413,0.007,0.017158923381091998
165,263662711.54109547,36337288.459450215,0.016497139117826413,0.007,0.016337093233764994
166,245429318.30572286,54570681.69482282,0.016497139117826413,0.007,0.01752958046871901
167,264445106.1575333,35554893.84301239,0.016497139117826413,0.007,0.016952038460210525
168,254825430.07894602,45174569.92159966,0.016497139117826413,0.007,0.018013251592745624
169,255944689.37664935,44055310.62389633,0.016497139117826413,0.007,0.01788629063377609
170,247860093.59771,52139906.40283567,0.016497139117826413,0.007,0.016510661723392033
171,257636751.991348,42363248.00919768,0.016497139117826413,0.007,0.016565263214701677
172,250906331.95636922,49093668.04417646,0.016497139117826413,0.007,0.015807372630991228
173,251005928.91768304,48994071.082862645,0.016497139117826413,0.007,0.016655009219858817
174,264302084.36506,35697915.63548568,0.016497139117826413,0.007,0.016416980625088954
175,256386453.48526475,43613546.51528093,0.016497139117826413,0.007,0.015857271201154297
176,253479594.5266937,46520405.47385198,0.016497139117826413,0.007,0.016376961456590133
177,252906270.2310891,47093729.769456595,0.016497139117826413,0.007,0.01629422640858995
178,241299697.39208767,58700302.60845801,0.016497139117826413,0.007,0.015758030941488595
179,270335780.15670764,29664219.843838036,0.016497139117826413,0.007,0.016410200908356178
180,261123160.88699308,38876839.1135526,0.016497139117826413,0.007,0.016847659726315644
181,246902146.60264134,53097853.39790434,0.016497139117826413,0.007,0.01724086997872107
182,240511509.9691464,59488490.03139928,0.016497139117826413,0.007,0.014597494730867544
183,236149514.8427465,63850485.157799184,0.016497139117826413,0.007,0.01534308522407364
184,243235271.73798424,56764728.26256144,0.016497139117826413,0.007,0.016941933019861393
185,263806052.0192653,36193947.98128039,0.016497139117826413,0.007,0.016614687515556933
186,237801054.23804814,62198945.762497544,0.016497139117826413,0.007,0.01467269572403159
187,247805396.82407814,52194603.17646754,0.016497139117826413,0.007,0.016740298766928532
188,278195659.3680031,24754180.048211873,0.016497139117826413,0.007,0.016829449935235656
189,254108622.3800644,45891377.62048128,0.016497139117826413,0.007,0.016939341829417434
190,240300670.14819947,59699329.85234621,0.016497139117826413,0.007,0.016082213467198743
191,257982818.9544746,42017181.04607108,0.016497139117826413,0.007,0.015417262525726377
192,256532877.48193192,43467122.518613756,0.016497139117826413,0.007,0.016902687867637916
193,273292743.73054546,26707256.27000022,0.016497139117826413,0.007,0.01736448053443397
194,253970984.34587717,46029015.65466851,0.016497139117826413,0.007,0.017152099364645366
195,250106763.9427323,49893236.057813376,0.016497139117826413,0.007,0.01647183855132407
196,232231474.47942948,67768525.5211162,0.016497139117826413,0.007,0.015875993514099716
197,241588984.46854305,58411015.53200263,0.016497139117826413,0.007,0.01699755813766035
198,238129990.17192584,61870009.82861984,0.016497139117826413,0.007,0.01594805112961572
199,259336358.70762298,40663641.292922705,0.016497139117826413,0.007,0.01787286174174856
200,273654560.0146455,26345439.985900164,0.016497139117826413,0.007,0.017839765163978557
201,238201278.00662395,61798721.99392173,0.016497139117826413,0.007,0.01594441779207897
202,245978041.8293108,54021958.171234876,0.016497139117826413,0.007,0.01699453848161857
203,247131202.30947682,52868797.69106886,0.016497139117826413,0.007,0.015615358929896262
204,251108602.97216606,48891397.02837962,0.016497139117826413,0.007,0.016487815322863014
205,243141872.03695288,56858127.9635928,0.016497139117826413,0.007,0.01676321461430408
206,239533282.5084132,60466717.492132485,0.016497139117826413,0.007,0.016011662378038263
207,267878352.39299423,32121647.607551455,0.016497139117826413,0.007,0.017107202182445273
208,275502567.68359697,24961340.947575748,0.016497139117826413,0.007,0.016619621838335596
209,251746413.50866133,48253586.49188435,0.016497139117826413,0.007,0.01635450006546855
210,253254468.13665223,46745531.86389345,0.016497139117826413,0.007,0.017140440091041556
211,252085345.59420252,47914654.40634316,0.016497139117826413,0.007,0.017258939526864997
212,258286894.75808182,41713105.24246386,0.016497139117826413,0.007,0.017281399601569276
213,262416347.35619256,37583652.64435312,0.016497139117826413,0.007,0.01644714384090379
214,260812409.64314786,39187590.357397825,0.016497139117826413,0.007,0.01682442152827713
215,246948460.81363094,53051539.18691474,0.016497139117826413,0.007,0.016554858402697183
216,228549611.06554127,71450388.93500441,0.016497139117826413,0.007,0.015395093398171713
217,260049429.5507759,39950570.449769795,0.016497139117826413,0.007,0.016840175981940923
218,248348959.095594,51651040.90495169,0.016497139117826413,0.007,0.015049803722469628
219,267212374.4162326,32787625.584313095,0.016497139117826413,0.007,0.015924361596704344
220,252898363.87215644,47101636.12838924,0.016497139117826413,0.007,0.016863476338370084
221,229180683.00707442,70819316.99347126,0.016497139117826413,0.007,0.01614946478726482
222,253342619.2137125,46657380.78683317,0.016497139117826413,0.007,0.01657951154930105
223,285569882.0000186,24186932.154188514,0.016497139117826413,0.007,0.01753984053049549
224,249179313.19827452,50820686.80227116,0.016497139117826413,0.007,0.016696442741782072
225,274480203.2083244,25519796.792221308,0.016497139117826413,0.007,0.01638945786397381
226,243728545.44970834,56271454.55083734,0.016497139117826413,0.007,0.016278854426838654
227,249552755.94003436,50447244.06051132,0.016497139117826413,0.007,0.01737878289432004
228,258466041.68334973,41533958.31719595,0.016497139117826413,0.007,0.017871411935171902
229,249329013.1591605,50670986.841385186,0.016497139117826413,0.007,0.016740051550291676
230,251999366.34729853,48000633.65324715,0.016497139117826413,0.007,0.015385955367671846
231,277783892.16024846,24785854.449448764,0.016497139117826413,0.007,0.01663615894204266
232,253950479.88015857,46049520.12038711,0.016497139117826413,0.007,0.016377235508113836
233,249222394.4491574,50777605.55138829,0.016497139117826413,0.007,0.014702846390916603
234,265129948.1916765,34870051.80886918,0.016497139117826413,0.007,0.01666935439160035
235,266505535.22150385,33494464.779041827,0.016497139117826413,0.007,0.016838167937413002
236,242774876.05773583,57225123.94280985,0.016497139117826413,0.007,0.016883257885008697
237,254508326.49564114,45491673.50490454,0.016497139117826413,0.007,0.016291417343989926
238,265090698.45199934,34909301.548546344,0.016497139117826413,0.007,0.017115443823206705
239,256954295.18324184,43045704.81730384,0.016497139117826413,0.007,0.01607563437842646
240,261663189.78141624,38336810.21912944,0.016497139117826413,0.007,0.016303806332657603
241,269264009.3368062,30735990.663739502,0.016497139117826413,0.007,0.015691047874901727
242,224865732.95407808,75134267.0464676,0.016497139117826413,0.007,0.01569235475040711
243,227287717.0791328,72712282.92141289,0.016497139117826413,0.007,0.015433249712640287
244,242837314.764813,57162685.235732675,0.016497139117826413,0.007,0.016766403139947275
245,257825041.35496154,42174958.645584136,0.016497139117826413,0.007,0.017353764992009416
246,242697420.95043704,57302579.05010864,0.016497139117826413,0.007,0.015784182682878848
247,248497470.12069342,51502529.879852265,0.016497139117826413,0.007,0.017929831633034396
248,254167597.15898386,45832402.841561824,0.016497139117826413,0.007,0.01725167777250944
249,246086297.75495178,53913702.245593905,0.016497139117826413,0.007,0.015718452890817337
250,263459512.10840288,36540487.8921428,0.016497139117826413,0.007,0.017711852984660957
251,263720110.50044262,36279889.50010306,0.016497139117826413,0.007,0.01680775121555419
252,241113935.41244766,58886064.58809802,0.016497139117826413,0.007,0.014797950624455969
253,271790282.9627414,28209717.037804306,0.016497139117826413,0.007,0.01720288567229152
254,247875198.9820677,52124801.01847798,0.016497139117826413,0.007,0.01610774765265235
255,238576685.6791454,61423314.321400285,0.016497139117826413,0.007,0.01536203625055226
256,264280837.12989327,35719162.87065241,0.016497139117826413,0.007,0.016533919541125642
257,235795401.33494893,64204598.66559675,0.016497139117826413,0.007,0.015083378944425855
258,271003014.03895867,28996985.96158701,0.016497139117826413,0.007,0.017025100899914256
259,258141605.13900515,41858394.861540526,0.016497139117826413,0.007,0.01641892579734417
260,276587990.7594102,24877846.864390433,0.016497139117826413,0.007,0.017055691123168615
261,238686367.7920283,61313632.20851737,0.016497139117826413,0.007,0.015801473987776923
262,249085901.5484495,50914098.452096194,0.016497139117826413,0.007,0.017441392355434973
263,247301433.5896595,52698566.41088617,0.016497139117826413,0.007,0.016498984339445882
264,240481608.75670105,59518391.24384463,0.016497139117826413,0.007,0.01603265703571107
265,236332820.39486262,63667179.60568306,0.016497139117826413,0.007,0.016317979067130804
266,244956420.6275059,55043579.37303978,0.016497139117826413,0.007,0.01653733515622244
267,265045665.45443916,34954334.54610652,0.016497139117826413,0.007,0.017130447164851667
268,259195324.93739367,40804675.063152015,0.016497139117826413,0.007,0.016427922696236167
269,236719318.74970523,63280681.250840455,0.016497139117826413,0.007,0.01617521432255604
270,270836723.86976755,29163276.130778134,0.016497139117826413,0.007,0.01649653466640622
271,241399087.35613152,58600912.64441416,0.016497139117826413,0.007,0.016809064885487047
272,244547827.96946293,55452172.03108275,0.016497139117826413,0.007,0.016761728096360735
273,267747364.96081853,32252635.03972715,0.016497139117826413,0.007,0.01729380139055702
274,224008771.36634713,75991228.63419855,0.016497139117826413,0.007,0.015231076977856969
275,259515716.388571,40484283.61197469,0.016497139117826413,0.007,0.01572135228986028
276,244079199.89191195,55920800.10863373,0.016497139117826413,0.007,0.016401294336973928
277,247745508.5220842,52254491.478461474,0.016497139117826413,0.007,0.01739058470292472
278,254964749.29192367,45035250.70862201,0.016497139117826413,0.007,0.016263604299163587
279,249896692.2092981,50103307.79124758,0.016497139117826413,0.007,0.016330269611847383
280,263817997.25737903,36182002.743166655,0.016497139117826413,0.007,0.017354319933775113
281,266906784.35840875,33093215.64213693,0.016497139117826413,0.007,0.018454287754326996
282,233090281.97220308,66909718.028342605,0.016497139117826413,0.007,0.017594476401951758
283,223941176.17496407,76058823.82558161,0.016497139117826413,0.007,0.01421599054202544
284,227743434.71790496,72256565.28264073,0.016497139117826413,0.007,0.014752672852525748
285,245840373.48148048,54159626.5190652,0.016497139117826413,0.007,0.017024162601128615
286,253173279.3417515,46826720.658794194,0.016497139117826413,0.007,0.017237185441772832
287,224339993.20180404,75660006.79874164,0.016497139117826413,0.007,0.013988011359945787
288,256742137.36876452,43257862.63178116,0.016497139117826413,0.007,0.01554452047736015
289,257006384.0059176,42993615.99462807,0.016497139117826413,0.007,0.017095366264565225
290,254484652.414242,45515347.58630368,0.016497139117826413,0.007,0.017638751891590282
291,265225186.1349728,34774813.86557287,0.016497139117826413,0.007,0.01604803717768525
292,256441042.685745,43558957.31480068,0.016497139117826413,0.007,0.016703152475947718
293,254704305.92107144,45295694.07947424,0.016497139117826413,0.007,0.016036448047306
294,261535108.65456906,38464891.34597662,0.016497139117826413,0.007,0.01649170033486395
295,249551127.6584729,50448872.342072785,0.016497139117826413,0.007,0.016953672337561194
296,237721868.6614548,62278131.339090884,0.016497139117826413,0.007,0.015574913335879969
297,260325983.10248786,39674016.89805782,0.016497139117826413,0.007,0.01630746698442455
298,258250931.12331954,41749068.877226144,0.016497139117826413,0.007,0.01677534804442275
299,240765205.84153414,59234794.15901154,0.016497139117826413,0.007,0.015701400431154942
300,245603254.1186272,54396745.88191849,0.016497139117826413,0.007,0.016472937743754034
301,259073139.735063,40926860.265482694,0.016497139117826413,0.007,0.01742007225329272
302,257797671.43017435,42202328.57037133,0.016497139117826413,0.007,0.01802735811467825
303,257025499.07307583,42974500.92746985,0.016497139117826413,0.007,0.01689240579186194
304,246481448.64382255,53518551.35672313,0.016497139117826413,0.007,0.016230522793557287
305,256107140.50162697,43892859.49891871,0.016497139117826413,0.007,0.016027156811095584
306,236189703.43808603,63810296.56245965,0.016497139117826413,0.007,0.01508783038468793
307,263123356.32094193,36876643.679603755,0.016497139117826413,0.007,0.01676626668141775
308,247177713.59160253,52822286.40894315,0.016497139117826413,0.007,0.018177164309114435
309,263549787.80398977,36450212.19655591,0.016497139117826413,0.007,0.01695385202546304
310,252948934.10043943,47051065.90010625,0.016497139117826413,0.007,0.0175019982585477
311,265670638.8184185,34329361.18212718,0.016497139117826413,0.007,0.016301579616093072
312,249707995.4797487,50292004.520796984,0.016497139117826413,0.007,0.016655383164679207
313,247178808.7863209,52821191.214224786,0.016497139117826413,0.007,0.016020216977345327
314,285344138.51416874,24204297.03720039,0.016497139117826413,0.007,0.019000752089426646
315,227088330.92854768,72911669.071998,0.016497139117826413,0.007,0.016064923897202772
316,280606717.07294756,24568714.070886552,0.016497139117826413,0.007,0.017893944182014784
317,265761363.71488506,34238636.285660625,0.016497139117826413,0.007,0.01592307999209489
318,250158811.78523156,49841188.21531412,0.016497139117826413,0.007,0.015902603526309792
319,232515848.24203435,67484151.75851133,0.016497139117826413,0.007,0.014733955621050496
320,245876377.0991957,54123622.90134999,0.016497139117826413,0.007,0.015735701307477482
321,233937983.01387244,66062016.986673236,0.016497139117826413,0.007,0.016429503260554354
322,244958676.47480455,55041323.52574113,0.016497139117826413,0.007,0.017185801000566086
323,267362202.40653354,32637797.59401214,0.016497139117826413,0.007,0.01735353481891897
324,258001951.1828176,41998048.81772807,0.016497139117826413,0.007,0.015204494306078817
325,255739175.16554558,44260824.8350001,0.016497139117826413,0.007,0.01726927497454545
326,221968717.86039683,78031282.14014885,0.016497139117826413,0.007,0.016132087507366267
327,266173633.72395322,33826366.27659246,0.016497139117826413,0.007,0.01655729527187882
328,260429556.62364712,39570443.37689856,0.016497139117826413,0.007,0.016460458919555967
329,252095091.70510784,47904908.29543784,0.016497139117826413,0.007,0.016595353563741765
330,263097734.84429613,36902265.15624955,0.016497139117826413,0.007,0.01664180368186794
331,221679607.04307458,78320392.9574711,0.016497139117826413,0.007,0.013941016726241175
332,256231036.99819967,43768963.00234601,0.016497139117826413,0.007,0.017658529109014658
333,251071467.21938956,48928532.78115612,0.016497139117826413,0.007,0.01597625148382373
334,243449154.15550447,56550845.845041215,0.016497139117826413,0.007,0.015186772689662068
335,259893159.35327876,40106840.647266924,0.016497139117826413,0.007,0.0171742486934657
336,247935298.8464464,52064701.154099286,0.016497139117826413,0.007,0.016307697512136596
337,264224555.24555743,35775444.75498825,0.016497139117826413,0.007,0.015142661044092256
338,252071245.23168418,47928754.7688615,0.016497139117826413,0.007,0.01604901080576746
339,263972494.25156808,36027505.7489776,0.016497139117826413,0.007,0.01650033641717656
340,245970520.37148738,54029479.6290583,0.016497139117826413,0.007,0.017120974412403827
341,272001576.0581106,27998423.942435086,0.016497139117826413,0.007,0.01635079045302342
342,251252204.69495595,48747795.305589736,0.016497139117826413,0.007,0.015224718825059425
343,251464272.99828672,48535727.00225896,0.016497139117826413,0.007,0.01763841713963726
344,234877759.90297037,65122240.09757531,0.016497139117826413,0.007,0.015203463052435319
345,233067130.38315898,66932869.6173867,0.016497139117826413,0.007,0.015232450790720229
346,261790147.7209955,38209852.279550195,0.016497139117826413,0.007,0.0177131738853162
347,253545772.75471875,46454227.24582693,0.016497139117826413,0.007,0.018347980124634213
348,241918389.21340108,58081610.7871446,0.016497139117826413,0.007,0.017755391904130554
349,253229388.18410695,46770611.816438735,0.016497139117826413,0.007,0.016247663881038404
350,242374050.8112412,57625949.18930447,0.016497139117826413,0.007,0.01707666612801696
351,249995332.9329218,50004667.06762388,0.016497139117826413,0.007,0.01644893240113809
352,267692961.2261671,32307038.774378568,0.016497139117826413,0.007,0.017622873511963986
353,264387251.60541382,35612748.395131856,0.016497139117826413,0.007,0.01887638792073522
354,223761415.9522414,76238584.04830429,0.016497139117826413,0.007,0.015622865815511932
355,258011841.87483364,41988158.12571204,0.016497139117826413,0.007,0.016035363901738327
356,255871871.89726225,44128128.103283435,0.016497139117826413,0.007,0.017063839444809787
357,249178853.05972385,50821146.94082183,0.016497139117826413,0.007,0.01674975413095043
358,259252893.33460265,40747106.66594303,0.016497139117826413,0.007,0.01574939520674092
359,257894485.54777685,42105514.45276883,0.016497139117826413,0.007,0.015991569384921335
360,247249397.78612643,52750602.214419246,0.016497139117826413,0.007,0.016816562410985083
361,250221387.14710593,49778612.85343975,0.016497139117826413,0.007,0.016749390195416363
362,230092088.61477223,69907911.38577345,0.016497139117826413,0.007,0.015558008926854964
363,252768496.73320743,47231503.267338246,0.016497139117826413,0.007,0.01734106235219731
364,248572520.33438218,51427479.666163504,0.016497139117826413,0.007,0.015368638317244625
365,233116429.1909955,66883570.809550166,0.016497139117826413,0.007,0.015918630181471168
366,245730238.41532984,54269761.58521584,0.016497139117826413,0.007,0.016303553305700776
367,251100737.09407818,48899262.9064675,0.016497139117826413,0.007,0.016416925202194777
368,248423230.8269146,51576769.17363107,0.016497139117826413,0.007,0.015084661216204
369,255454519.0639433,44545480.936602384,0.016497139117826413,0.007,0.015729293751664486
370,247409111.2230509,52590888.77749479,0.016497139117826413,0.007,0.016579478056422767
371,247982053.84186584,52017946.15867984,0.016497139117826413,0.007,0.0170896802277595
372,235387190.35789296,64612809.64265272,0.016497139117826413,0.007,0.015811129500568864
373,248779599.0274825,51220400.97306317,0.016497139117826413,0.007,0.015867848703148123
374,262952128.18094173,37047871.81960395,0.016497139117826413,0.007,0.018167960685093684
375,240419333.90838176,59580666.09216392,0.016497139117826413,0.007,0.014771389773328402
376,258801695.64138442,41198304.35916126,0.016497139117826413,0.007,0.015533414050859668
377,236562796.1958076,63437203.804738075,0.016497139117826413,0.007,0.017085089741411742
378,258770155.7486589,41229844.251886785,0.016497139117826413,0.007,0.015483977520771042
379,260179892.91222703,39820107.088318646,0.016497139117826413,0.007,0.016838297332607895
380,253262806.43792593,46737193.562619746,0.016497139117826413,0.007,0.01651300309036987
381,251418268.42771822,48581731.57282746,0.016497139117826413,0.007,0.01697656507084836
382,263134427.38255474,36865572.61799094,0.016497139117826413,0.007,0.017430937916547744
383,265942422.55046502,34057577.45008066,0.016497139117826413,0.007,0.016017909594527813
384,235838028.5077932,64161971.49275249,0.016497139117826413,0.007,0.017032354524986047
385,236485645.84283477,63514354.15771091,0.016497139117826413,0.007,0.016375229997534494
386,252470508.68017626,47529491.32036942,0.016497139117826413,0.007,0.01720786898491027
387,241318258.4073397,58681741.59320599,0.016497139117826413,0.007,0.01619629590214275
388,271354757.30587524,28645242.69467044,0.016497139117826413,0.007,0.017036384006847996
389,260852820.0534558,39147179.94708988,0.016497139117826413,0.007,0.016660124482872962
390,233405517.99491593,66594482.00562975,0.016497139117826413,0.007,0.01613022365480297
391,260652733.1053499,39347266.89519578,0.016497139117826413,0.007,0.01803553913858464
392,251653181.8312373,48346818.169308394,0.016497139117826413,0.007,0.016456143872419678
393,259037325.63874036,40962674.36180532,0.016497139117826413,0.007,0.015709045283081608
394,254943955.9409653,45056044.059580386,0.016497139117826413,0.007,0.01693692635472947
395,250806243.26467368,49193756.735872,0.016497139117826413,0.007,0.016534870152384085
396,253899220.49059093,46100779.50995475,0.016497139117826413,0.007,0.016538201153238046
397,268108788.65601838,31891211.344527304,0.016497139117826413,0.007,0.016717577404513496
398,266527935.55669355,33472064.443852127,0.016497139117826413,0.007,0.016014977633743942
399,255196042.12666786,44803957.87387782,0.016497139117826413,0.007,0.016111898535924297
400,242908377.2785859,57091622.72195977,0.016497139117826413,0.007,0.01515381426104366
401,231690794.80384338,68309205.1967023,0.016497139117826413,0.007,0.015764293210354326
402,255910889.77303153,44089110.22751415,0.016497139117826413,0.007,0.017296580780233013
403,250816185.39840722,49183814.60213846,0.016497139117826413,0.007,0.016315650189351785
404,257004148.00187784,42995851.998667836,0.016497139117826413,0.007,0.016698232052950828
405,268761948.1196987,31238051.880846977,0.016497139117826413,0.007,0.01664621119704612
406,266316643.510674,33683356.48987168,0.016497139117826413,0.007,0.016682202775826615
407,262063377.271814,37936622.72873169,0.016497139117826413,0.007,0.016127495219509295
408,269081758.74450046,30918241.256045222,0.016497139117826413,0.007,0.015838028945583952
409,263312252.62525117,36687747.37529451,0.016497139117826413,0.007,0.01720036681886697
410,268128131.17340308,31871868.827142596,0.016497139117826413,0.007,0.016777733118866375
411,256436334.8233272,43563665.17721847,0.016497139117826413,0.007,0.01738247236765378
412,229176162.30449015,70823837.69605553,0.016497139117826413,0.007,0.015341175891382024
413,269815943.0340254,30184056.96652031,0.016497139117826413,0.007,0.01770932682468049
414,272409877.29924756,27590122.701298118,0.016497139117826413,0.007,0.016945213340980248
415,227765979.32032114,72234020.68022454,0.016497139117826413,0.007,0.015884731102525532
416,253035191.56352654,46964808.43701914,0.016497139117826413,0.007,0.015966707563879672
417,244275215.6658166,55724784.334729075,0.016497139117826413,0.007,0.016764607012431154
418,251684133.2103257,48315866.79021999,0.016497139117826413,0.007,0.01687255066410656
419,270614159.18113464,29385840.81941104,0.016497139117826413,0.007,0.015593368628942656
420,248434456.41685605,51565543.58368963,0.016497139117826413,0.007,0.016440194737808275
421,263897463.94568306,36102536.05486262,0.016497139117826413,0.007,0.01705102126335044
422,246416739.35486197,53583260.645683706,0.016497139117826413,0.007,0.015497133717604293
423,275433690.55952126,24966639.188232362,0.016497139117826413,0.007,0.017718937671091423
424,263076584.05832797,36923415.94221771,0.016497139117826413,0.007,0.01726649125037919
425,230858374.69646922,69141625.30407646,0.016497139117826413,0.007,0.01594173306450923
426,253652996.00743356,46347003.99311212,0.016497139117826413,0.007,0.016484064727961576
427,256292588.74993163,43707411.25061405,0.016497139117826413,0.007,0.01631891167741922
428,266343853.25714198,33656146.7434037,0.016497139117826413,0.007,0.016707394325790204
429,250768341.42687201,49231658.573673666,0.016497139117826413,0.007,0.017764252126203983
430,240746021.65559775,59253978.344947934,0.016497139117826413,0.007,0.01572240213805911
431,244887951.92612797,55112048.07441771,0.016497139117826413,0.007,0.01593625166396243
432,254395384.18797013,45604615.81257555,0.016497139117826413,0.007,0.015840271797881188
433,259252085.63769108,40747914.3628546,0.016497139117826413,0.007,0.017565326167071234
434,261119300.02526188,38880699.9752838,0.016497139117826413,0.007,0.017353881208485605
435,258772884.05202723,41227115.948518455,0.016497139117826413,0.007,0.016503061695495536
436,237268034.78432128,62731965.2162244,0.016497139117826413,0.007,0.017418103250465045
437,252344695.147429,47655304.85311669,0.016497139117826413,0.007,0.017915964713555704
438,267152053.70165768,32847946.298887998,0.016497139117826413,0.007,0.01778586800450246
439,264845819.80651176,35154180.19403392,0.016497139117826413,0.007,0.016761148796763055
440,267767542.70499602,32232457.29554966,0.016497139117826413,0.007,0.017089092319817097
441,260789161.83517444,39210838.16537124,0.016497139117826413,0.007,0.017310770858355258
442,267887306.65634367,32112693.34420201,0.016497139117826413,0.007,0.017103758177769594
443,272236234.60310346,27763765.39744222,0.016497139117826413,0.007,0.01711143666200433
444,251746340.97624984,48253659.02429584,0.016497139117826413,0.007,0.015610985312523414
445,261051181.92066166,38948818.07988402,0.016497139117826413,0.007,0.01666088800665865
446,265624719.29872766,34375280.70181802,0.016497139117826413,0.007,0.016576076464618433
447,279030273.1279435,24689978.989875138,0.016497139117826413,0.007,0.01789661035980578
448,233904585.44903183,66095414.55151385,0.016497139117826413,0.007,0.016062210474512503
449,266559683.80668804,33440316.19385764,0.016497139117826413,0.007,0.016915194394461548
450,242316064.12910482,57683935.87144086,0.016497139117826413,0.007,0.014663130643606493
451,227475469.25261986,72524530.74792582,0.016497139117826413,0.007,0.01622256485702259
452,245822037.14241582,54177962.85812986,0.016497139117826413,0.007,0.01660458568351382
453,259618300.09752512,40381699.90302056,0.016497139117826413,0.007,0.016343004440862022
454,252606340.2240385,47393659.77650717,0.016497139117826413,0.007,0.016871007169143942
455,265345858.6339023,34654141.36664337,0.016497139117826413,0.007,0.01684621285242472
456,247286181.44638598,52713818.5541597,0.016497139117826413,0.007,0.015323734291089516
457,276520314.15186816,24883052.757967412,0.016497139117826413,0.007,0.01657978190177346
458,261332364.54124844,38667635.45929724,0.016497139117826413,0.007,0.016683930831632773
459,237522403.57923523,62477596.421310455,0.016497139117826413,0.007,0.016745072147632028
460,264988633.065015,35011366.93553069,0.016497139117826413,0.007,0.015988057623810947
461,261508891.71084592,38491108.28969976,0.016497139117826413,0.007,0.01735937737244686
462,244635855.08969265,55364144.91085303,0.016497139117826413,0.007,0.01679344157291324
463,253532512.43992445,46467487.56062123,0.016497139117826413,0.007,0.01689699875903019
464,228870352.13119408,71129647.8693516,0.016497139117826413,0.007,0.015568141474653715
465,242647991.71225202,57352008.28829366,0.016497139117826413,0.007,0.016194337532299825
466,262144290.4513974,37855709.54914829,0.016497139117826413,0.007,0.016795067889481707
467,247170644.61679822,52829355.38374746,0.016497139117826413,0.007,0.01614723071275341
468,262748651.07120168,37251348.929344,0.016497139117826413,0.007,0.01690993044018226
469,260890206.02618137,39109793.97436431,0.016497139117826413,0.007,0.01591166047487326
470,252078949.15472066,47921050.84582502,0.016497139117826413,0.007,0.015439826839914485
471,229008578.4682335,70991421.53231218,0.016497139117826413,0.007,0.01446299385542303
472,254102169.3617451,45897830.63880059,0.016497139117826413,0.007,0.01684166110984905
473,239828880.19239604,60171119.808149636,0.016497139117826413,0.007,0.01566472618000596
474,258106526.29122794,41893473.709317744,0.016497139117826413,0.007,0.01698068943377546
475,281212337.01874727,24522127.921613097,0.016497139117826413,0.007,0.017583455002808925
476,242551082.82676107,57448917.17378461,0.016497139117826413,0.007,0.015892127661634534
477,263382878.75508773,36617121.24545795,0.016497139117826413,0.007,0.01673706504680025
478,243812927.62828872,56187072.372256964,0.016497139117826413,0.007,0.01592032310341814
479,248919499.01729882,51080500.98324686,0.016497139117826413,0.007,0.015591698854818781
480,242550093.1830994,57449906.81744629,0.016497139117826413,0.007,0.01593972088661749
481,250564004.3553949,49435995.64515078,0.016497139117826413,0.007,0.016800188494905055
482,267231089.75145042,32768910.24909526,0.016497139117826413,0.007,0.018542896639178887
483,253322217.57245594,46677782.42808974,0.016497139117826413,0.007,0.016355645124410265
484,261375129.8031313,38624870.19741437,0.016497139117826413,0.007,0.01746343434523864
485,239560305.32272217,60439694.677823514,0.016497139117826413,0.007,0.01590437151527793
486,276109844.1254393,24914627.37531078,0.016497139117826413,0.007,0.01768648446233899
487,258086806.63526335,41913193.36528233,0.016497139117826413,0.007,0.01719767932501886
488,236004696.246843,63995303.75370267,0.016497139117826413,0.007,0.014866941782719589
489,275427567.07057565,24967110.22508675,0.016497139117826413,0.007,0.017671147013240504
490,247346780.99942708,52653219.0011186,0.016497139117826413,0.007,0.016490492893225177
491,267471242.45466772,32528757.545877963,0.016497139117826413,0.007,0.016512090512146253
492,251681510.43142182,48318489.569123864,0.016497139117826413,0.007,0.01833767362700124
493,271348471.10398406,28651528.896561623,0.016497139117826413,0.007,0.01622256027776087
494,254516974.05225888,45483025.9482868,0.016497139117826413,0.007,0.016045403036023722
495,257036818.94914448,42963181.0514012,0.016497139117826413,0.007,0.01598478128271778
496,249250402.7468024,50749597.25374329,0.016497139117826413,0.007,0.015793488458480807
497,248757760.75313112,51242239.24741456,0.016497139117826413,0.007,0.017484421713754614
498,280461078.82849985,24579917.01345539,0.016497139117826413,0.007,0.016722215303589312
499,233335359.30723634,66664640.69330934,0.016497139117826413,0.007,0.01491173476987502
500,263451342.0200804,36548657.98046529,0.016497139117826413,0.007,0.015809771957133924
501,229397205.91414052,70602794.08640516,0.016497139117826413,0.007,0.015695750963199473
502,271907242.7170386,28092757.28350711,0.016497139117826413,0.007,0.018211565156726662
503,259164274.37710267,40835725.62344301,0.016497139117826413,0.007,0.015773684468088467
504,241090839.23291147,58909160.76763421,0.016497139117826413,0.007,0.01656954754703609
505,264704038.067106,35295961.93343967,0.016497139117826413,0.007,0.01528241477486725
506,251798205.15857932,48201794.84196636,0.016497139117826413,0.007,0.01665335074202617
507,239488057.4831689,60511942.51737678,0.016497139117826413,0.007,0.01676116841852949
508,248017659.8102593,51982340.19028637,0.016497139117826413,0.007,0.016194674858469375
509,272725331.01205736,27274668.988488317,0.016497139117826413,0.007,0.016779547893405876
510,239768754.275689,60231245.724856675,0.016497139117826413,0.007,0.01619191283458834
511,253727269.10639402,46272730.89415166,0.016497139117826413,0.007,0.01652420541981025
512,239713719.54433724,60286280.45620844,0.016497139117826413,0.007,0.01649559524022148
513,250757181.37406132,49242818.626484364,0.016497139117826413,0.007,0.01566229247288246
514,252935603.43020844,47064396.570337236,0.016497139117826413,0.007,0.018257803330392435
515,265729449.2218112,34270550.778734475,0.016497139117826413,0.007,0.01594853255999391
516,262478921.5000013,37521078.50054437,0.016497139117826413,0.007,0.016089760535392104
517,261145467.88376418,38854532.1167815,0.016497139117826413,0.007,0.015603990971681851
518,265738262.03288925,34261737.96765643,0.016497139117826413,0.007,0.0171680971536779
519,247733851.98794353,52266148.01260215,0.016497139117826413,0.007,0.016442468899186574
520,241492159.21654183,58507840.784003854,0.016497139117826413,0.007,0.015359938415840492
521,244460174.43945405,55539825.56109163,0.016497139117826413,0.007,0.01577423347698944
522,248796968.21890283,51203031.781642854,0.016497139117826413,0.007,0.01581765376759562
523,251564896.69528705,48435103.30525863,0.016497139117826413,0.007,0.017161789207567817
524,277555447.3509411,24803427.127036095,0.016497139117826413,0.007,0.017457644498574718
525,247513386.18105757,52486613.81948811,0.016497139117826413,0.007,0.016017763457283764
526,247489161.9395969,52510838.06094879,0.016497139117826413,0.007,0.0168350422083355
527,265982890.60557643,34017109.394969255,0.016497139117826413,0.007,0.016139183451961893
528,249092341.6714057,50907658.32913998,0.016497139117826413,0.007,0.016685543444943864
529,254102998.6949451,45897001.30560058,0.016497139117826413,0.007,0.017043106600250445
530,259420294.31853095,40579705.68201473,0.016497139117826413,0.007,0.016672443750168207
531,255598477.20452902,44401522.79601666,0.016497139117826413,0.007,0.0157748443490188
532,257159150.7387234,42840849.26182228,0.016497139117826413,0.007,0.01682231287373539
533,235352054.5909843,64647945.409561366,0.016497139117826413,0.007,0.015765114649854573
534,252163852.3245414,47836147.67600429,0.016497139117826413,0.007,0.015797281468572868
535,248647649.0357565,51352350.96478918,0.016497139117826413,0.007,0.017317487270487
536,252595147.4642665,47404852.53627917,0.016497139117826413,0.007,0.01624193700257228
537,244278441.33856446,55721558.661981225,0.016497139117826413,0.007,0.014738056425631786
538,258853272.16507208,41146727.8354736,0.016497139117826413,0.007,0.016667917890287456
539,253292418.884686,46707581.11585969,0.016497139117826413,0.007,0.016799497775113272
540,250031555.05430466,49968444.94624102,0.016497139117826413,0.007,0.01582574001168002
541,246406012.18212834,53593987.81841734,0.016497139117826413,0.007,0.01649324971933722
542,261154156.8249444,38845843.175601274,0.016497139117826413,0.007,0.016492302942879983
543,262263227.95391312,37736772.04663256,0.016497139117826413,0.007,0.01723954575125905
544,257125257.01120064,42874742.989345044,0.016497139117826413,0.007,0.01654387949882223
545,266407227.06814635,33592772.93239933,0.016497139117826413,0.007,0.015782424524580896
546,265485233.45148695,34514766.549058735,0.016497139117826413,0.007,0.015848008281062666
547,257021162.51100636,42978837.489539325,0.016497139117826413,0.007,0.01708566840740173
548,250841332.6157743,49158667.38477138,0.016497139117826413,0.007,0.015576441971456668
549,261763305.48962432,38236694.51092136,0.016497139117826413,0.007,0.016596010523931535
550,262689062.38069025,37310937.61985543,0.016497139117826413,0.007,0.016967293286101772
551,235350559.98504782,64649440.01549786,0.016497139117826413,0.007,0.01596365228857411
552,253378830.30065066,46621169.699895024,0.016497139117826413,0.007,0.01680050814708875
553,258177384.80931598,41822615.1912297,0.016497139117826413,0.007,0.018394815547828153
554,253397843.16000128,46602156.8405444,0.016497139117826413,0.007,0.01594393966208027
555,251204378.67727482,48795621.32327086,0.016497139117826413,0.007,0.015497546757644682
556,245909917.6482306,54090082.35231507,0.016497139117826413,0.007,0.016865826488490495
557,249079570.68583056,50920429.31471512,0.016497139117826413,0.007,0.017350450378731796
558,235487598.9780531,64512401.02249259,0.016497139117826413,0.007,0.01577695073861241
559,265141652.50412437,34858347.49642131,0.016497139117826413,0.007,0.017539268856303483
560,274197766.8082019,25802233.19234377,0.016497139117826413,0.007,0.01690586240467646
561,239000547.789549,60999452.21099669,0.016497139117826413,0.007,0.01634030208747635
562,236630139.42798448,63369860.572561204,0.016497139117826413,0.007,0.016145237762171485
563,255546918.2095877,44453081.79095799,0.016497139117826413,0.007,0.016283741116659364
564,249562572.5096923,50437427.49085337,0.016497139117826413,0.007,0.015993170556513395
565,253605183.91776836,46394816.08277732,0.016497139117826413,0.007,0.016114329100922035
566,255320998.83789584,44679001.16264984,0.016497139117826413,0.007,0.01635778548786104
567,255634577.0189568,44365422.98158887,0.016497139117826413,0.007,0.015866889661528216
568,263508078.6397946,36491921.36075109,0.016497139117826413,0.007,0.01740331892868154
569,265074595.5131088,34925404.48743689,0.016497139117826413,0.007,0.017698016087653447
570,255484376.74745154,44515623.25309414,0.016497139117826413,0.007,0.016089119336483677
571,253300322.31401038,46699677.6865353,0.016497139117826413,0.007,0.016486708188144444
572,262490902.2164445,37509097.78410119,0.016497139117826413,0.007,0.016423410872562896
573,251838372.42222536,48161627.578320324,0.016497139117826413,0.007,0.01629560621628302
574,233717586.81001136,66282413.19053432,0.016497139117826413,0.007,0.014579001501867559
575,262948869.8706855,37051130.12986019,0.016497139117826413,0.007,0.01832735263609923
576,235933573.33281767,64066426.66772801,0.016497139117826413,0.007,0.017107795850086264
577,233541390.83147645,66458609.16906923,0.016497139117826413,0.007,0.016649060937033416
578,246060699.1099167,53939300.89062899,0.016497139117826413,0.007,0.016295779082880078
579,256823832.84130365,43176167.159242034,0.016497139117826413,0.007,0.015384013363170579
580,262953775.6608288,37046224.33971688,0.016497139117826413,0.007,0.017394575530649523
581,256177768.09043834,43822231.910107344,0.016497139117826413,0.007,0.017909738043218704
582,252672361.56721997,47327638.43332571,0.016497139117826413,0.007,0.01712450548167729
583,264663901.06588528,35336098.934660405,0.016497139117826413,0.007,0.017423387024576676
584,266882543.53154457,33117456.469001114,0.016497139117826413,0.007,0.017238756581317898
585,256265948.29884472,43734051.701700956,0.016497139117826413,0.007,0.016490517332702764
586,259785812.24303594,40214187.75750974,0.016497139117826413,0.007,0.0161305833189719
587,290708875.44758546,23791624.965355992,0.016497139117826413,0.007,0.018640439238488044
588,257252994.90026522,42747005.10028046,0.016497139117826413,0.007,0.016968961875299268
589,267352104.54053518,32647895.4600105,0.016497139117826413,0.007,0.015360356480489543
590,236199665.32649776,63800334.67404792,0.016497139117826413,0.007,0.01648785545875283
591,251347390.40616965,48652609.59437603,0.016497139117826413,0.007,0.015751714008640658
592,243765624.43213493,56234375.568410754,0.016497139117826413,0.007,0.01724617962637511
593,226621669.9012725,73378330.09927318,0.016497139117826413,0.007,0.014741258011200771
594,242474947.6140158,57525052.38652989,0.016497139117826413,0.007,0.015686711658753245
595,235056635.52107078,64943364.4794749,0.016497139117826413,0.007,0.015700570139181445
596,250300155.27399015,49699844.726555526,0.016497139117826413,0.007,0.015236924644563509
597,262142686.2227803,37857313.77776539,0.016497139117826413,0.007,0.01802469968980706
598,263350612.84413138,36649387.1564143,0.016497139117826413,0.007,0.018159142847392118
599,244915516.29091564,55084483.70963004,0.016497139117826413,0.007,0.016302736488647995
600,238622921.57000992,61377078.43053576,0.016497139117826413,0.007,0.017568875766579672
601,274217405.8864874,25782594.114058256,0.016497139117826413,0.007,0.016446728538818456
602,261716458.95125386,38283541.04929182,0.016497139117826413,0.007,0.015367758329472294
603,250385627.5315106,49614372.46903509,0.016497139117826413,0.007,0.01747491648503897
604,260711317.07776487,39288682.92278081,0.016497139117826413,0.007,0.017897299792132892
605,232715062.44995725,67284937.55058843,0.016497139117826413,0.007,0.016828422637881806
606,240679268.0224327,59320731.978112966,0.016497139117826413,0.007,0.014814036918606914
607,256535075.9959061,43464924.004639566,0.016497139117826413,0.007,0.01583693997693267
608,255041007.28759682,44958992.71294886,0.016497139117826413,0.007,0.018122381342812195
609,248122379.69236174,51877620.30818394,0.016497139117826413,0.007,0.01718323361662872
610,235244830.01899225,64755169.981553435,0.016497139117826413,0.007,0.01604974335345401
611,245956327.59620464,54043672.40434104,0.016497139117826413,0.007,0.016932385792857385
612,227657069.86250988,72342930.1380358,0.016497139117826413,0.007,0.016478185369143594
613,245564594.57248092,54435405.42806476,0.016497139117826413,0.007,0.01565877023466439
614,248254020.8627293,51745979.13781637,0.016497139117826413,0.007,0.01682640393623543
615,249096552.8340313,50903447.16651437,0.016497139117826413,0.007,0.016985153434880922
616,245160833.37942,54839166.62112567,0.016497139117826413,0.007,0.016588242375917408
617,257933215.8634842,42066784.13706148,0.016497139117826413,0.007,0.017501919041192276
618,225294393.8920671,74705606.10847858,0.016497139117826413,0.007,0.016121758024324195
619,246771666.48124143,53228333.519304246,0.016497139117826413,0.007,0.0167796727040053
620,251640346.79507524,48359653.20547044,0.016497139117826413,0.007,0.01665782438905172
621,256083538.1584664,43916461.84207928,0.016497139117826413,0.007,0.015183545663005626
622,264250389.65020782,35749610.35033786,0.016497139117826413,0.007,0.01596571269583683
623,247058188.8311652,52941811.169380486,0.016497139117826413,0.007,0.016313948230661048
624,278349585.5737748,24742339.5714612,0.016497139117826413,0.007,0.017375597268786375
625,269316556.42576903,30683443.57477665,0.016497139117826413,0.007,0.016009840166960013
626,245925383.38716054,54074616.61338514,0.016497139117826413,0.007,0.017535441612280177
627,253652896.52544877,46347103.47509691,0.016497139117826413,0.007,0.01729581672951461
628,255802976.61264774,44197023.38789794,0.016497139117826413,0.007,0.01737234742962613
629,256115202.12769902,43884797.87284666,0.016497139117826413,0.007,0.015509125066670994
630,261983370.87145483,38016629.129090846,0.016497139117826413,0.007,0.01664381011185883
631,267209796.03699404,32790203.96355164,0.016497139117826413,0.007,0.016207207151793385
632,228491493.98599768,71508506.014548,0.016497139117826413,0.007,0.01586049173101299
633,268126312.08203351,31873687.918512166,0.016497139117826413,0.007,0.01851613204245373
634,244761446.14763042,55238553.85291526,0.016497139117826413,0.007,0.016338358524622936
635,259090276.49554288,40909723.5050028,0.016497139117826413,0.007,0.017433528939337795
636,255037807.5218155,44962192.47873017,0.016497139117826413,0.007,0.016242405894982045
637,250809998.5245769,49190001.47596878,0.016497139117826413,0.007,0.01682673679970022
638,245091137.85354662,54908862.14699906,0.016497139117826413,0.007,0.017484203311603934
639,269516233.2045888,30483766.79595691,0.016497139117826413,0.007,0.016445954054827783
640,246930998.16708466,53069001.83346102,0.016497139117826413,0.007,0.01689235623468406
641,259019414.372507,40980585.628038675,0.016497139117826413,0.007,0.01710878791261218
642,245550538.76798382,54449461.23256186,0.016497139117826413,0.007,0.016939761354030327
643,243624135.78519508,56375864.2153506,0.016497139117826413,0.007,0.015933486180428016
644,245672339.1212434,54327660.87930229,0.016497139117826413,0.007,0.01599226014780424
645,237429094.60189047,62570905.398655206,0.016497139117826413,0.007,0.01558571510368266
646,250829969.13835856,49170030.86218712,0.016497139117826413,0.007,0.016296999835306254
647,254790376.9589137,45209623.04163197,0.016497139117826413,0.007,0.01606775953620357
648,268830145.0516066,31169854.948939085,0.016497139117826413,0.007,0.01668010131553194
649,249703052.7605323,50296947.24001339,0.016497139117826413,0.007,0.016064557491240444
650,237297653.08447206,62702346.91607362,0.016497139117826413,0.007,0.014589189007446355
651,257223423.57967016,42776576.42087552,0.016497139117826413,0.007,0.016594379974025502
652,246163308.4482467,53836691.55229899,0.016497139117826413,0.007,0.01553631838617925
653,226112095.78110564,73887904.21944004,0.016497139117826413,0.007,0.015696777226761126
654,241687544.14907372,58312455.85147196,0.016497139117826413,0.007,0.016908734897115005
655,234126400.93962896,65873599.06091672,0.016497139117826413,0.007,0.014854993241863765
656,240248695.39245403,59751304.60809165,0.016497139117826413,0.007,0.016323124204005696
657,237930314.34579277,62069685.65475291,0.016497139117826413,0.007,0.016162437088973133
658,268901908.1918084,31098091.808737278,0.016497139117826413,0.007,0.017723133049553513
659,257486838.07484394,42513161.92570174,0.016497139117826413,0.007,0.01572870125361864
660,242638137.03047323,57361862.97007245,0.016497139117826413,0.007,0.016547279080560563
661,248341489.44791356,51658510.55263212,0.016497139117826413,0.007,0.016501572916445502
662,248156813.886449,51843186.11409667,0.016497139117826413,0.007,0.016165508462330645
663,237777224.3184119,62222775.682133794,0.016497139117826413,0.007,0.01659666258956378
664,261284101.40118486,38715898.59936082,0.016497139117826413,0.007,0.01623204167560027
665,264978292.0622811,35021707.93826458,0.016497139117826413,0.007,0.017405570600860083
666,262548738.06989047,37451261.93065521,0.016497139117826413,0.007,0.016120615061037458
667,256268777.63682485,43731222.363720834,0.016497139117826413,0.007,0.016660657509233175
668,268856397.37011296,31143602.630432725,0.016497139117826413,0.007,0.017693434580819158
669,250597659.17253458,49402340.828011096,0.016497139117826413,0.007,0.01627378205597894
670,261639141.87523413,38360858.12531155,0.016497139117826413,0.007,0.016671281201294404
671,256712738.13492537,43287261.865620315,0.016497139117826413,0.007,0.016980852272274163
672,240446851.44059289,59553148.559952796,0.016497139117826413,0.007,0.01710941583030774
673,231788771.91053545,68211228.09001023,0.016497139117826413,0.007,0.015046465290003558
674,236080522.97476435,63919477.02578133,0.016497139117826413,0.007,0.016021798164022674
675,252896177.16531515,47103822.83523053,0.016497139117826413,0.007,0.016229574996831787
676,262716227.77536523,37283772.22518045,0.016497139117826413,0.007,0.01782251442534399
677,252372214.8857576,47627785.114788085,0.016497139117826413,0.007,0.017876255155486246
678,264745370.27408192,35254629.726463765,0.016497139117826413,0.007,0.017055213030320208
679,235209590.0342129,64790409.96633279,0.016497139117826413,0.007,0.013384667202717323
680,247469209.20142132,52530790.79912436,0.016497139117826413,0.007,0.01696763091281571
681,252318265.4045685,47681734.59597719,0.016497139117826413,0.007,0.015555509543863715
682,248309607.56945503,51690392.43109065,0.016497139117826413,0.007,0.016894410247318775
683,251480625.3240449,48519374.67650077,0.016497139117826413,0.007,0.016163914694239424
684,243693505.03333226,56306494.96721342,0.016497139117826413,0.007,0.016464279240409083
685,244752619.52339202,55247380.47715366,0.016497139117826413,0.007,0.015859025110702602
686,243886658.1701431,56113341.83040258,0.016497139117826413,0.007,0.016805321093926448
687,263280464.522962,36719535.47758368,0.016497139117826413,0.007,0.01686515555695609
688,253845384.50886977,46154615.49167591,0.016497139117826413,0.007,0.01693675388121147
689,274758484.2351775,25241515.765368164,0.016497139117826413,0.007,0.016853223769420847
690,239597588.83878317,60402411.161762506,0.016497139117826413,0.007,0.016019961809652115
691,262438566.3236609,37561433.67688477,0.016497139117826413,0.007,0.017815204441640985
692,249728134.72426367,50271865.27628201,0.016497139117826413,0.007,0.016257669203497575
693,254782218.29483014,45217781.70571554,0.016497139117826413,0.007,0.018014476502011354
694,261999346.48879662,38000653.51174906,0.016497139117826413,0.007,0.017294576842430916
695,256156713.31761214,43843286.68293354,0.016497139117826413,0.007,0.01680552534911947
696,255559107.74091393,44440892.25963175,0.016497139117826413,0.007,0.016361260780320387
697,244208651.7644797,55791348.236065984,0.016497139117826413,0.007,0.016141992827331426
698,242695516.9921882,57304483.008357495,0.016497139117826413,0.007,0.01722308709663579
699,259392242.2259059,40607757.774639785,0.016497139117826413,0.007,0.016329680060449072
700,243335490.8299296,56664509.17061609,0.016497139117826413,0.007,0.015481182326364735
701,240335252.01487175,59664747.985673934,0.016497139117826413,0.007,0.01621715586072736
702,262463157.87196824,37536842.12857744,0.016497139117826413,0.007,0.017716567788779565
703,261746785.67880225,38253214.32174343,0.016497139117826413,0.007,0.016964949043948782
704,238646775.44250098,61353224.5580447,0.016497139117826413,0.007,0.01568626845948897
705,240668070.79363844,59331929.20690724,0.016497139117826413,0.007,0.016393513659459975
706,284889859.5853826,24239241.57064879,0.016497139117826413,0.007,0.018361790178087353
707,243912233.0614074,56087766.93913829,0.016497139117826413,0.007,0.016018099506228085
708,240877971.953897,59122028.04664868,0.016497139117826413,0.007,0.016127192188895655
709,249315301.58596084,50684698.414584845,0.016497139117826413,0.007,0.017458984644776708
710,263803107.02721205,36196892.97333363,0.016497139117826413,0.007,0.016785132397423654
711,256560963.0796336,43439036.92091209,0.016497139117826413,0.007,0.018091311233445675
712,239190960.25251505,60809039.74803063,0.016497139117826413,0.007,0.01576749351062667
713,231327072.8880344,68672927.11251128,0.016497139117826413,0.007,0.015200656983036166
714,255428630.51955792,44571369.48098776,0.016497139117826413,0.007,0.0157719905329871
715,261005923.58249637,38994076.418049306,0.016497139117826413,0.007,0.01760011181403473
716,232191396.17426798,67808603.8262777,0.016497139117826413,0.007,0.015160135658974368
717,260061073.10692865,39938926.893617034,0.016497139117826413,0.007,0.01705529731000115
718,286632993.8457393,24105154.319989026,0.016497139117826413,0.007,0.017798265636676632
719,280267551.7858395,24594803.70903957,0.016497139117826413,0.007,0.018451195990421488
720,253831254.5822949,46168745.41825077,0.016497139117826413,0.007,0.016616649787980758
721,236746615.04940483,63253384.95114085,0.016497139117826413,0.007,0.01534685633626545
722,248386150.0638716,51613849.93667409,0.016497139117826413,0.007,0.016512662791740667
723,254982168.3074648,45017831.69308087,0.016497139117826413,0.007,0.01685771250572664
724,262358944.1711463,37641055.82939938,0.016497139117826413,0.007,0.015286469465081873
725,228322163.95693237,71677836.04361331,0.016497139117826413,0.007,0.015729036634645893
726,240646947.09739372,59353052.90315196,0.016497139117826413,0.007,0.01673894473966157
727,256897034.5400089,43102965.46053678,0.016497139117826413,0.007,0.01742373528264902
728,274656138.08314496,25343861.917400718,0.016497139117826413,0.007,0.017441574812014377
729,261402223.23710313,38597776.763442546,0.016497139117826413,0.007,0.016062667374884473
730,257541250.00085592,42458749.99968976,0.016497139117826413,0.007,0.016291821424251948
731,255091274.65646735,44908725.34407833,0.016497139117826413,0.007,0.016520638953067192
732,250746493.62724328,49253506.3733024,0.016497139117826413,0.007,0.015879736101229534
733,250601829.03737327,49398170.963172406,0.016497139117826413,0.007,0.016706478465664882
734,264708303.55296946,35291696.447576225,0.016497139117826413,0.007,0.01611616282208759
735,258320111.96522486,41679888.03532082,0.016497139117826413,0.007,0.017367288767978457
736,261653023.25418296,38346976.746362716,0.016497139117826413,0.007,0.01729581477428231
737,264005236.7254095,35994763.27513617,0.016497139117826413,0.007,0.016871662868085904
738,270509781.6818269,29490218.31871879,0.016497139117826413,0.007,0.017562632263850443
739,261429481.4604488,38570518.54009688,0.016497139117826413,0.007,0.017611956442123804
740,231335253.4895918,68664746.51095387,0.016497139117826413,0.007,0.01637294827516466
741,236489626.67632815,63510373.32421753,0.016497139117826413,0.007,0.01746893435647048
742,265488696.77201414,34511303.22853154,0.016497139117826413,0.007,0.016851637760188085
743,225223576.78518325,74776423.21536243,0.016497139117826413,0.007,0.015175425300814165
744,258257056.4426883,41742943.557857394,0.016497139117826413,0.007,0.01660845479795886
745,247549301.92359447,52450698.076951206,0.016497139117826413,0.007,0.015612365986022636
746,235639579.93772116,64360420.06282452,0.016497139117826413,0.007,0.015175779032875
747,255034717.30841324,44965282.69213244,0.016497139117826413,0.007,0.01665511024174231
748,249460743.2271094,50539256.77343628,0.016497139117826413,0.007,0.016182768173118624
749,248030572.94432318,51969427.0562225,0.016497139117826413,0.007,0.015537673427773223
750,258133963.6941021,41866036.30644357,0.016497139117826413,0.007,0.016056321571048505
751,266276605.1601939,33723394.84035179,0.016497139117826413,0.007,0.01660092655149265
752,232506289.0024816,67493710.99806407,0.016497139117826413,0.007,0.015587644458168954
753,251702645.46381456,48297354.536731124,0.016497139117826413,0.007,0.016622674428297377
754,252145887.90148893,47854112.09905675,0.016497139117826413,0.007,0.01789209386423128
755,268314072.9933179,31685927.00722778,0.016497139117826413,0.007,0.0169389884213285
756,242109805.7525704,57890194.24797529,0.016497139117826413,0.007,0.016170155623047387
757,250709370.78816897,49290629.212376714,0.016497139117826413,0.007,0.015610711723236076
758,253685797.09233147,46314202.90821421,0.016497139117826413,0.007,0.015695971266632518
759,272214269.7859453,27785730.214600384,0.016497139117826413,0.007,0.01809070074456213
760,248924910.80640808,51075089.1941376,0.016497139117826413,0.007,0.0160605463624985
761,252856245.24673682,47143754.753808856,0.016497139117826413,0.007,0.016600270550170396
762,247352351.26111877,52647648.73942691,0.016497139117826413,0.007,0.016210942312647022
763,245749236.06618968,54250763.934356004,0.016497139117826413,0.007,0.01640393219777746
764,261708687.63244173,38291312.36810395,0.016497139117826413,0.007,0.015875897755189956
765,257054887.48960435,42945112.51094133,0.016497139117826413,0.007,0.01514646983424384
766,248562003.64570582,51437996.35483986,0.016497139117826413,0.007,0.016423625689364587
767,251890189.7505852,48109810.24996048,0.016497139117826413,0.007,0.016321011605698432
768,242357887.90621603,57642112.094329655,0.016497139117826413,0.007,0.016852145853173267
769,236295416.27296326,63704583.727582425,0.016497139117826413,0.007,0.016536659495651286
770,236215012.47561714,63784987.52492854,0.016497139117826413,0.007,0.016055787398726575
771,260252435.7322138,39747564.268331885,0.016497139117826413,0.007,0.016387366466509817
772,265938596.47564885,34061403.52489683,0.016497139117826413,0.007,0.016650974906140578
773,239695223.40152794,60304776.59901774,0.016497139117826413,0.007,0.01668567498432619
774,263469579.04250357,36530420.958042115,0.016497139117826413,0.007,0.015623166089428667
775,247275559.9777889,52724440.022756785,0.016497139117826413,0.007,0.01618713001357609
776,270807041.55908245,29192958.441463232,0.016497139117826413,0.007,0.016702783120682446
777,281514231.73294556,24498905.251856625,0.016497139117826413,0.007,0.01755328178855651
778,261545176.42555854,38454823.57498714,0.016497139117826413,0.007,0.016194626478442654
779,253906200.1474699,46093799.85307577,0.016497139117826413,0.007,0.017586691790739514
780,229905527.83237663,70094472.16816905,0.016497139117826413,0.007,0.01637308074908073
781,260487389.38490134,39512610.615644336,0.016497139117826413,0.007,0.017158499075684883
782,246069795.0218358,53930204.97870988,0.016497139117826413,0.007,0.015984271393267545
783,227375482.45078236,72624517.54976332,0.016497139117826413,0.007,0.01594194433385449
784,268044978.69767252,31955021.302873164,0.016497139117826413,0.007,0.01677759607359701
785,239807476.4998393,60192523.500706375,0.016497139117826413,0.007,0.01619615626042564
786,240988285.9809137,59011714.01963198,0.016497139117826413,0.007,0.014847478638415814
787,255858394.7589904,44141605.24155527,0.016497139117826413,0.007,0.01740056898713274
788,250239839.64353386,49760160.357011825,0.016497139117826413,0.007,0.015905312959475525
789,251278057.66290638,48721942.3376393,0.016497139117826413,0.007,0.0167941398327204
790,256580884.4038119,43419115.59673378,0.016497139117826413,0.007,0.016491558050942032
791,258731835.68858194,41268164.31196374,0.016497139117826413,0.007,0.01723161789834828
792,254246479.405445,45753520.59510067,0.016497139117826413,0.007,0.018035609719497858
793,234374127.58779165,65625872.41275403,0.016497139117826413,0.007,0.016583736905625975
794,251894798.98922753,48105201.01131815,0.016497139117826413,0.007,0.017534414820129303
795,260570122.5866207,39429877.41392499,0.016497139117826413,0.007,0.01679955475216455
796,249147706.90982276,50852293.09072292,0.016497139117826413,0.007,0.015768450329395663
797,252835905.8887982,47164094.11174747,0.016497139117826413,0.007,0.016118792144186198
798,232419633.04947746,67580366.95106822,0.016497139117826413,0.007,0.016624783490555194
799,232740589.08196932,67259410.91857636,0.016497139117826413,0.007,0.014918408983618184
800,236774075.99191514,63225924.008630544,0.016497139117826413,0.007,0.01599679368812562
801,275767491.9807226,24940962.154842794,0.016497139117826413,0.007,0.01691316605391898
802,261206275.05507603,38793724.94546965,0.016497139117826413,0.007,0.01623722179168265
803,260224890.8291957,39775109.17134997,0.016497139117826413,0.007,0.01713510333415022
804,277925146.20856416,24774988.753178,0.016497139117826413,0.007,0.01782871215531607
805,274483803.2862086,25516196.71433705,0.016497139117826413,0.007,0.016638482139528843
806,252183258.32874772,47816741.67179796,0.016497139117826413,0.007,0.01553410407271752
807,253155109.67763174,46844890.322913945,0.016497139117826413,0.007,0.016782591942915096
808,258023608.65836102,41976391.34218466,0.016497139117826413,0.007,0.016299667170923404
809,255415282.92866576,44584717.07187992,0.016497139117826413,0.007,0.017033031729627484
810,257398933.01808655,42601066.98245913,0.016497139117826413,0.007,0.015510579799931663
811,247040922.6153054,52959077.38524029,0.016497139117826413,0.007,0.015605989511479656
812,255501718.36271998,44498281.6378257,0.016497139117826413,0.007,0.017160578391734006
813,246270318.6090985,53729681.39144719,0.016497139117826413,0.007,0.015532751103570804
814,247861870.1934578,52138129.80708787,0.016497139117826413,0.007,0.015751365120813925
815,257445569.07792464,42554430.92262104,0.016497139117826413,0.007,0.016870580338359743
816,251371802.78789306,48628197.21265262,0.016497139117826413,0.007,0.016289029800240364
817,251435037.15775368,48564962.842792004,0.016497139117826413,0.007,0.01640526204492098
818,279699173.3554288,24638525.126439154,0.016497139117826413,0.007,0.01722200605022287
819,245986275.04334998,54013724.9571957,0.016497139117826413,0.007,0.016403139793329958
820,242708930.7872438,57291069.21330187,0.016497139117826413,0.007,0.016909178307510497
821,259431812.77660853,40568187.223937154,0.016497139117826413,0.007,0.01657880513539562
822,247193084.0777196,52806915.92282608,0.016497139117826413,0.007,0.015792404122810962
823,251279368.86787078,48720631.1326749,0.016497139117826413,0.007,0.017207554646763348
824,237489048.43956596,62510951.560979724,0.016497139117826413,0.007,0.016079919338858602
825,258588812.6605315,41411187.34001419,0.016497139117826413,0.007,0.016967626522089434
826,249116397.54844657,50883602.452099115,0.016497139117826413,0.007,0.01657467129739429
827,270469268.0449119,29530731.95563376,0.016497139117826413,0.007,0.016032451463877124
828,265560621.50659335,34439378.493952334,0.016497139117826413,0.007,0.016968270224950552
829,256864108.65981528,43135891.3407304,0.016497139117826413,0.007,0.016565610716272088
830,251254255.22872874,48745744.77181694,0.016497139117826413,0.007,0.016409522593129642
831,247776274.44207618,52223725.558469504,0.016497139117826413,0.007,0.017200387113211073
832,260898791.21968576,39101208.78085992,0.016497139117826413,0.007,0.016630415818134313
833,239150743.0672185,60849256.93332717,0.016497139117826413,0.007,0.016597230519727366
834,255430592.6447806,44569407.355765074,0.016497139117826413,0.007,0.016517706139571556
835,234484070.4298253,65515929.570720375,0.016497139117826413,0.007,0.015972474168179464
836,242313632.89184776,57686367.10869792,0.016497139117826413,0.007,0.01565570987013019
837,238644025.4288406,61355974.57170507,0.016497139117826413,0.007,0.016032035483368318
838,246357206.1030754,53642793.897470266,0.016497139117826413,0.007,0.01588874772518388
839,255673045.90274817,44326954.09779751,0.016497139117826413,0.007,0.018012959530039223
840,249648277.88401005,50351722.116535634,0.016497139117826413,0.007,0.0160265711302583
841,227469263.60613298,72530736.3944127,0.016497139117826413,0.007,0.015940496328594244
842,248654030.95045996,51345969.05008572,0.016497139117826413,0.007,0.016561227291319976
843,263038999.22229663,36961000.778249055,0.016497139117826413,0.007,0.01671766597205499
844,258489618.7210899,41510381.27945578,0.016497139117826413,0.007,0.017781655533178623
845,242749049.02411914,57250950.97642654,0.016497139117826413,0.007,0.01564714791176565
846,247439727.1584548,52560272.842090875,0.016497139117826413,0.007,0.01588075617984906
847,246622893.6199979,53377106.38054779,0.016497139117826413,0.007,0.015421675361361712
848,248924224.65872598,51075775.3418197,0.016497139117826413,0.007,0.016578100832883802
849,270394552.958038,29605447.042507708,0.016497139117826413,0.007,0.016686939458350758
850,252893995.78343245,47106004.21711323,0.016497139117826413,0.007,0.017176215807232494
851,236808431.64134204,63191568.35920364,0.016497139117826413,0.007,0.01667720411225295
852,232331210.8072983,67668789.19324738,0.016497139117826413,0.007,0.01562731820364181
853,255727218.3297649,44272781.67078078,0.016497139117826413,0.007,0.016684469549277353
854,234689500.90688014,65310499.09366554,0.016497139117826413,0.007,0.017015754142123772
855,247110372.22814494,52889627.77240074,0.016497139117826413,0.007,0.016331259940434953
856,270575529.3692422,29424470.63130349,0.016497139117826413,0.007,0.016179427999528147
857,253652671.51003438,46347328.4905113,0.016497139117826413,0.007,0.016455843283800894
858,233419084.21625304,66580915.78429264,0.016497139117826413,0.007,0.016006561200377547
859,243111402.33506027,56888597.66548541,0.016497139117826413,0.007,0.01690152858781177
860,250410776.99942943,49589223.001116246,0.016497139117826413,0.007,0.016499918604600393
861,264227552.597248,35772447.40329769,0.016497139117826413,0.007,0.017084699477800835
862,257279022.63185635,42720977.36868933,0.016497139117826413,0.007,0.016488660312771544
863,258104396.3812046,41895603.619341075,0.016497139117826413,0.007,0.016385082281961456
864,250603203.68585616,49396796.31468952,0.016497139117826413,0.007,0.016651684798432497
865,257458497.9552152,42541502.045330495,0.016497139117826413,0.007,0.017097672250494522
866,259634098.4166528,40365901.58389288,0.016497139117826413,0.007,0.016497851186302554
867,234104778.58919096,65895221.41135472,0.016497139117826413,0.007,0.016991540111359702
868,242810581.26345602,57189418.737089664,0.016497139117826413,0.007,0.016426533169979492
869,243524007.68922043,56475992.31132525,0.016497139117826413,0.007,0.01735364152642029
870,269269847.38260883,30730152.61793685,0.016497139117826413,0.007,0.016078103863611023
871,245025772.62463433,54974227.375911355,0.016497139117826413,0.007,0.015331274504618573
872,243333227.16561842,56666772.83492726,0.016497139117826413,0.007,0.01610215979614812
873,252537636.17288634,47462363.82765934,0.016497139117826413,0.007,0.015694466820913442
874,251679745.12976113,48320254.87078455,0.016497139117826413,0.007,0.01647326895184596
875,264290173.53397095,35709826.46657473,0.016497139117826413,0.007,0.017859344822385353
876,249652555.45046806,50347444.55007762,0.016497139117826413,0.007,0.016215239887837244
877,243795523.34705478,56204476.6534909,0.016497139117826413,0.007,0.016873105000370252
878,240033291.60724187,59966708.39330381,0.016497139117826413,0.007,0.015691253441516395
879,259578730.62722278,40421269.373322904,0.016497139117826413,0.007,0.016827614414105754
880,246990723.5955498,53009276.40499589,0.016497139117826413,0.007,0.016509691116893488
881,246755212.69252297,53244787.30802271,0.016497139117826413,0.007,0.016303610187579923
882,253191545.77511644,46808454.22542924,0.016497139117826413,0.007,0.017650833323414973
883,272778957.8061074,27221042.19443828,0.016497139117826413,0.007,0.01716227363212978
884,264236445.56550968,35763554.435036,0.016497139117826413,0.007,0.016584460846958336
885,243091714.43281785,56908285.567727834,0.016497139117826413,0.007,0.015226614319140777
886,253436990.8710796,46563009.12946609,0.016497139117826413,0.007,0.015743289435780673
887,261375949.37926117,38624050.621284515,0.016497139117826413,0.007,0.01618322708531437
888,235410870.46043894,64589129.54010674,0.016497139117826413,0.007,0.01569140730993374
889,247902492.7730042,52097507.22754148,0.016497139117826413,0.007,0.01737411287756897
890,242724722.08297125,57275277.917574435,0.016497139117826413,0.007,0.015985327488458656
891,235246908.9345839,64753091.06596178,0.016497139117826413,0.007,0.014434240620431396
892,220110626.03778258,79889373.9627631,0.016497139117826413,0.007,0.014441558080785925
893,256983467.0140705,43016532.98647517,0.016497139117826413,0.007,0.01669758419106658
894,250549445.3707871,49450554.62975857,0.016497139117826413,0.007,0.01809415434998884
895,238571007.6523838,61428992.348161876,0.016497139117826413,0.007,0.016808953419808245
896,265182345.87720114,34817654.12334454,0.016497139117826413,0.007,0.016135915899421566
897,246166680.93667394,53833319.06387174,0.016497139117826413,0.007,0.016841873001432542
898,257565208.33329833,42434791.667247355,0.016497139117826413,0.007,0.01714280159903567
899,264698462.3286042,35301537.67194149,0.016497139117826413,0.007,0.0178479528043561
900,255343680.1376449,44656319.86290079,0.016497139117826413,0.007,0.01658428606158291
901,271919968.8365166,28080031.16402906,0.016497139117826413,0.007,0.01685907023416541
902,261532710.60465133,38467289.39589435,0.016497139117826413,0.007,0.016794104881297723
903,246625013.10773656,53374986.89280912,0.016497139117826413,0.007,0.0162494337489199
904,237777868.70884496,62222131.29170072,0.016497139117826413,0.007,0.016496568690281405
905,252998423.31995326,47001576.68059242,0.016497139117826413,0.007,0.016287336546018955
906,245951297.99608776,54048702.00445792,0.016497139117826413,0.007,0.015932736091232285
907,274627030.0510898,25372969.949455857,0.016497139117826413,0.007,0.017022532836008034
908,259275443.33886954,40724556.66167614,0.016497139117826413,0.007,0.017484810439421537
909,253374404.37705556,46625595.623490125,0.016497139117826413,0.007,0.01667837277727004
910,254655219.76003486,45344780.24051082,0.016497139117826413,0.007,0.015550692223652313
911,254402268.33091074,45597731.66963494,0.016497139117826413,0.007,0.01671546406099694
912,250679036.12348825,49320963.87705743,0.016497139117826413,0.007,0.01641443461659393
913,259853821.4262881,40146178.57425758,0.016497139117826413,0.007,0.01750869670924726
914,267586787.56697127,32413212.43357441,0.016497139117826413,0.007,0.01789470481272797
915,245712888.63513118,54287111.3654145,0.016497139117826413,0.007,0.015977249846160075
916,236857123.989385,63142876.01116067,0.016497139117826413,0.007,0.016244390280983206
917,265228511.97919023,34771488.02135545,0.016497139117826413,0.007,0.016658936876835888
918,240514189.4558636,59485810.544682086,0.016497139117826413,0.007,0.014795530831673922
919,257783355.76826832,42216644.23227736,0.016497139117826413,0.007,0.01559404141138026
920,255879347.2509803,44120652.74956539,0.016497139117826413,0.007,0.016865837907165504
921,247429093.99625885,52570906.004286826,0.016497139117826413,0.007,0.015723291773608792
922,262033926.42220843,37966073.57833725,0.016497139117826413,0.007,0.01697260407133996
923,269536898.4563291,30463101.544216573,0.016497139117826413,0.007,0.01714218510351599
924,261372402.02548534,38627597.975060344,0.016497139117826413,0.007,0.015854242888175617
925,264080771.08097765,35919228.91956803,0.016497139117826413,0.007,0.01875604513428268
926,269541781.3109202,30458218.6896255,0.016497139117826413,0.007,0.015957892956769807
927,245983478.22640282,54016521.77414286,0.016497139117826413,0.007,0.01665399771155526
928,250489003.7260954,49510996.27445027,0.016497139117826413,0.007,0.015611497854037188
929,263051880.84696794,36948119.153577745,0.016497139117826413,0.007,0.015575014906696424
930,256098324.4976802,43901675.50286549,0.016497139117826413,0.007,0.018494987892776208
931,260127567.97629297,39872432.02425271,0.016497139117826413,0.007,0.017311124613173193
932,284419678.76746744,24275409.326087177,0.016497139117826413,0.007,0.016830032774106708
933,260749384.6556425,39250615.34490317,0.016497139117826413,0.007,0.01779669087298913
934,258640042.301633,41359957.69891268,0.016497139117826413,0.007,0.017111433130341264
935,250787888.96883303,49212111.03171265,0.016497139117826413,0.007,0.015059419892576757
936,259256714.02530167,40743285.975244015,0.016497139117826413,0.007,0.01636639950620275
937,268189284.38201296,31810715.618532717,0.016497139117826413,0.007,0.015945656721564564
938,257672292.0889181,42327707.91162759,0.016497139117826413,0.007,0.01629410356191331
939,245444120.91721794,54555879.08332774,0.016497139117826413,0.007,0.01675858994184434
940,232855122.55036026,67144877.45018542,0.016497139117826413,0.007,0.016113956409761578
941,245764938.5278244,54235061.47272128,0.016497139117826413,0.007,0.016723638740239768
942,266753927.28119498,33246072.719350696,0.016497139117826413,0.007,0.01552569115649324
943,269251350.2468824,30748649.7536633,0.016497139117826413,0.007,0.01704299205177312
944,250053876.12166968,49946123.878876,0.016497139117826413,0.007,0.015660855140031706
945,269190695.4614994,30809304.539046288,0.016497139117826413,0.007,0.016644862032372844
946,256481449.00077164,43518550.99977404,0.016497139117826413,0.007,0.015818326315162258
947,239738830.54276806,60261169.45777762,0.016497139117826413,0.007,0.015709847207403854
948,253222485.44299328,46777514.5575524,0.016497139117826413,0.007,0.015967612856100866
949,245249263.6282532,54750736.37229249,0.016497139117826413,0.007,0.0167929919125835
950,270632688.57151246,29367311.42903322,0.016497139117826413,0.007,0.016725241304935617
951,255047559.7959789,44952440.20456678,0.016497139117826413,0.007,0.01779085313680194
952,238487271.51304904,61512728.487496644,0.016497139117826413,0.007,0.01561001610694483
953,233792831.44689876,66207168.55364692,0.016497139117826413,0.007,0.016212012007187658
954,267851101.99384952,32148898.006696165,0.016497139117826413,0.007,0.018223677893916806
955,250704637.96356842,49295362.03697726,0.016497139117826413,0.007,0.01469431713323639
956,248634467.79423726,51365532.206308424,0.016497139117826413,0.007,0.015504616540187133
957,243799017.51435363,56200982.48619205,0.016497139117826413,0.007,0.01816710745811634
958,232576502.16546357,67423497.83508211,0.016497139117826413,0.007,0.015894258176498446
959,258082716.01888466,41917283.98166102,0.016497139117826413,0.007,0.017588957814317872
960,257156185.01959106,42843814.98095462,0.016497139117826413,0.007,0.01593989580971076
961,253508851.9571428,46491148.04340288,0.016497139117826413,0.007,0.016282788965017402
962,263391097.54482695,36608902.455718726,0.016497139117826413,0.007,0.015927292481740622
963,266584029.5517527,33415970.448792994,0.016497139117826413,0.007,0.017220052198796812
964,229599469.89316526,70400530.10738042,0.016497139117826413,0.007,0.014466211691805618
965,244966864.45164734,55033135.54889834,0.016497139117826413,0.007,0.01573827146291912
966,235487459.15905273,64512540.84149295,0.016497139117826413,0.007,0.01741153976343826
967,253118327.31315252,46881672.68739316,0.016497139117826413,0.007,0.016731165804208758
968,243602115.4368877,56397884.56365797,0.016497139117826413,0.007,0.014695270026195585
969,258470484.67281854,41529515.32772714,0.016497139117826413,0.007,0.015835110024080473
970,261676188.28107858,38323811.7194671,0.016497139117826413,0.007,0.018263789517283892
971,257208182.18899834,42791817.81154734,0.016497139117826413,0.007,0.01690662226931064
972,282947927.8727114,24388620.932430744,0.016497139117826413,0.007,0.01767978024840755
973,260485597.9006643,39514402.09988138,0.016497139117826413,0.007,0.017392586712730924
974,229299279.39122888,70700720.6093168,0.016497139117826413,0.007,0.015678590986576462
975,265834814.12992293,34165185.870622754,0.016497139117826413,0.007,0.01638088484965426
976,259080923.17248392,40919076.82806176,0.016497139117826413,0.007,0.017515360694058763
977,247717930.84608185,52282069.15446383,0.016497139117826413,0.007,0.017503797690522717
978,265702746.82571673,34297253.17482895,0.016497139117826413,0.007,0.016770167013295787
979,257545673.0311505,42454326.96939519,0.016497139117826413,0.007,0.015726153907923927
980,241112513.18747115,58887486.81307453,0.016497139117826413,0.007,0.016956467634945793
981,256151042.1623117,43848957.83823398,0.016497139117826413,0.007,0.017668855085751355
982,273814062.81199753,26185937.188548148,0.016497139117826413,0.007,0.01753962788052837
983,249826100.6072637,50173899.39328197,0.016497139117826413,0.007,0.016403720578100613
984,260879122.7806146,39120877.219931066,0.016497139117826413,0.007,0.016440299106400016
985,239595915.9452891,60404084.055256575,0.016497139117826413,0.007,0.01712735566698777
986,251061494.680045,48938505.32050067,0.016497139117826413,0.007,0.01720552252782165
987,262460424.6366297,37539575.36391598,0.016497139117826413,0.007,0.01579439510402794
988,249366343.07272077,50633656.927824914,0.016497139117826413,0.007,0.017822404767461723
989,258330043.76420903,41669956.23633665,0.016497139117826413,0.007,0.016011807969531625
990,230028108.57507002,69971891.42547566,0.016497139117826413,0.007,0.015258284776649408
991,246118476.51346743,53881523.48707825,0.016497139117826413,0.007,0.01586963251413424
992,228631336.4152918,71368663.5852539,0.016497139117826413,0.007,0.015991595183231927
993,277644533.53499204,24796574.343447566,0.016497139117826413,0.007,0.01740999486533652
994,252365709.46677443,47634290.53377125,0.016497139117826413,0.007,0.01635471875943055
995,244054856.38134548,55945143.6192002,0.016497139117826413,0.007,0.01599407572376272
996,251036224.62356392,48963775.376981765,0.016497139117826413,0.007,0.01695596905399669
997,267056501.12607738,32943498.874468297,0.016497139117826413,0.007,0.017060184418031307
998,260795756.83557636,39204243.164969325,0.016497139117826413,0.007,0.016545028581607626
999,252362037.43415582,47637962.56638986,0.016497139117826413,0.007,0.015565551308482172
1000,247428905.3149929,52571094.685552776,0.016497139117826413,0.007,0.01609210016916221
1001,239682716.70410734,60317283.29643834,0.016497139117826413,0.007,0.016199802945094897
1002,257601504.97901097,42398495.02153471,0.016497139117826413,0.007,0.016255525396052597
1003,264581881.15263927,35418118.84790641,0.016497139117826413,0.007,0.015933740366612586
1004,239447860.49631906,60552139.504226625,0.016497139117826413,0.007,0.01642219051814642
1005,255289282.45860696,44710717.54193872,0.016497139117826413,0.007,0.01667873578114456
1006,247566457.05545795,52433542.94508773,0.016497139117826413,0.007,0.01814981831201416
1007,234160735.622603,65839264.37794268,0.016497139117826413,0.007,0.01583075059003771
1008,250608393.5061196,49391606.49442607,0.016497139117826413,0.007,0.0179767251882224
1009,257657486.72688842,42342513.27365726,0.016497139117826413,0.007,0.016905792979208967
1010,236769098.34376454,63230901.65678114,0.016497139117826413,0.007,0.014999997314445407
1011,265278332.55393058,34721667.4466151,0.016497139117826413,0.007,0.0161134707589725
1012,254235053.67993224,45764946.320613444,0.016497139117826413,0.007,0.01693066903189143
1013,265636027.83250728,34363972.1680384,0.016497139117826413,0.007,0.0176170064291232
1014,257054617.49751192,42945382.50303376,0.016497139117826413,0.007,0.016669448297816674
1015,254414664.38551265,45585335.61503303,0.016497139117826413,0.007,0.016658846694954887
1016,251493550.6620175,48506449.338528186,0.016497139117826413,0.007,0.016988600737341868
1017,259307926.925273,40692073.07527268,0.016497139117826413,0.007,0.017043485767844934
1018,278532708.9527635,24728253.157344103,0.016497139117826413,0.007,0.01680419173108018
1019,242936298.83128107,57063701.169264615,0.016497139117826413,0.007,0.01708198945488281
1020,273349658.8437736,26650341.156772077,0.016497139117826413,0.007,0.017209401678614275
1021,248822552.3863453,51177447.61420038,0.016497139117826413,0.007,0.016902032306069254
1022,267373199.90943143,32626800.091114253,0.016497139117826413,0.007,0.01636472620729495
1023,245990088.97924405,54009911.02130163,0.016497139117826413,0.007,0.015973497748762177
1024,247822453.06815884,52177546.932386845,0.016497139117826413,0.007,0.01663755631642195
1025,259269186.33176374,40730813.668781936,0.016497139117826413,0.007,0.016191734219075327
1026,269063636.3748676,30936363.625678062,0.016497139117826413,0.007,0.01661183268581626
1027,251333094.7359839,48666905.26456177,0.016497139117826413,0.007,0.01772667487726753
1028,274372111.27734536,25627888.72320032,0.016497139117826413,0.007,0.017935680938800967
1029,249140182.36796558,50859817.6325801,0.016497139117826413,0.007,0.016710882345989025
1030,247259991.21676308,52740008.7837826,0.016497139117826413,0.007,0.016493327622263854
1031,269793054.4092204,30206945.591325283,0.016497139117826413,0.007,0.01706735736540688
1032,264175490.49653846,35824509.50400722,0.016497139117826413,0.007,0.016232924064005335
1033,265399044.0397956,34600955.96075007,0.016497139117826413,0.007,0.01643432494238897
1034,266278336.0080772,33721663.99246848,0.016497139117826413,0.007,0.015820919143906004
1035,264897309.83530217,35102690.16524351,0.016497139117826413,0.007,0.01631238876543842
1036,258650974.4885535,41349025.51199219,0.016497139117826413,0.007,0.01700785084231071
1037,254364933.1936299,45635066.80691579,0.016497139117826413,0.007,0.01709787341194541
1038,251013543.05777693,48986456.94276875,0.016497139117826413,0.007,0.016405146723062158
1039,246120221.94874802,53879778.05179766,0.016497139117826413,0.007,0.016130611286005486
1040,258097296.0955391,41902703.90500659,0.016497139117826413,0.007,0.017243965843174294
1041,260526960.53467095,39473039.46587473,0.016497139117826413,0.007,0.016614228521933044
1042,251006891.02095425,48993108.97959143,0.016497139117826413,0.007,0.014697634889863165
1043,261368980.2372707,38631019.76327497,0.016497139117826413,0.007,0.01777080324619814
1044,264952125.2448456,35047874.75570008,0.016497139117826413,0.007,0.01736884944145304
1045,262721653.55365315,37278346.44689253,0.016497139117826413,0.007,0.01746390612621604
1046,274529529.86981136,25470470.130734324,0.016497139117826413,0.007,0.017586570699182222
1047,244117391.29113376,55882608.70941192,0.016497139117826413,0.007,0.015114359877882188
1048,265803152.4314176,34196847.56912807,0.016497139117826413,0.007,0.017635065210646353
1049,276153991.1227765,24911231.452603698,0.016497139117826413,0.007,0.017821557224509278
1050,251606864.3916607,48393135.60888499,0.016497139117826413,0.007,0.017177070746950976
1051,249008245.50883237,50991754.491713315,0.016497139117826413,0.007,0.017094158971225258
1052,255468565.32212645,44531434.67841923,0.016497139117826413,0.007,0.016603484737660126
1053,249977483.84588405,50022516.154661626,0.016497139117826413,0.007,0.01552763623504064
1054,272618712.9297152,27381287.070830464,0.016497139117826413,0.007,0.01723625349489725
1055,227106354.71553063,72893645.28501505,0.016497139117826413,0.007,0.01601104922587527
1056,257704960.76934057,42295039.231205106,0.016497139117826413,0.007,0.016173662451670283
1057,249891251.78532448,50108748.2152212,0.016497139117826413,0.007,0.017244047592376903
1058,236065355.0755568,63934644.924988866,0.016497139117826413,0.007,0.016322228800689512
1059,238780715.5964179,61219284.40412778,0.016497139117826413,0.007,0.01632993550474646
1060,238252759.83511496,61747240.165430725,0.016497139117826413,0.007,0.016785231576287515
1061,244877511.8862621,55122488.11428359,0.016497139117826413,0.007,0.01646141493171226
1062,254728007.05090773,45271992.94963795,0.016497139117826413,0.007,0.01639623061757575
1063,263100591.63292694,36899408.36761874,0.016497139117826413,0.007,0.016402635749341945
1064,267819891.58226097,32180108.418284714,0.016497139117826413,0.007,0.016553574633841585
1065,264871611.25373068,35128388.746814996,0.016497139117826413,0.007,0.01752069576632062
1066,240923082.5505061,59076917.450039595,0.016497139117826413,0.007,0.01672519966725847
1067,250429423.60496393,49570576.39558175,0.016497139117826413,0.007,0.0167864479616004
1068,253916924.18640462,46083075.814141065,0.016497139117826413,0.007,0.017318080474825994
1069,269906410.7715165,30093589.22902918,0.016497139117826413,0.007,0.016605261625725898
1070,277183680.5031716,24832024.576985538,0.016497139117826413,0.007,0.017074510109838396
1071,268209320.03235948,31790679.9681862,0.016497139117826413,0.007,0.01649021621240279
1072,265061035.52028742,34938964.480258256,0.016497139117826413,0.007,0.017095017675983717
1073,258347311.7089915,41652688.29155418,0.016497139117826413,0.007,0.01630211115614826
1074,266055043.29889694,33944956.70164874,0.016497139117826413,0.007,0.0172952333417866
1075,256648300.50808513,43351699.49246055,0.016497139117826413,0.007,0.01694042326938173
1076,254949997.854895,45050002.145650685,0.016497139117826413,0.007,0.016680802751940352
1077,253356264.94637454,46643735.054171145,0.016497139117826413,0.007,0.01653594811061038
1078,254402707.30066884,45597292.699876845,0.016497139117826413,0.007,0.01662043265985769
1079,239980148.64605257,60019851.35449311,0.016497139117826413,0.007,0.016113054204179328
1080,250795625.6525414,49204374.34800428,0.016497139117826413,0.007,0.01691724265035262
1081,244358726.38753244,55641273.61301324,0.016497139117826413,0.007,0.016402655539654122
1082,241369714.7872141,58630285.21333158,0.016497139117826413,0.007,0.015470414639996835
1083,250914045.34985986,49085954.65068582,0.016497139117826413,0.007,0.01630761044008468
1084,248075085.93735477,51924914.06319091,0.016497139117826413,0.007,0.016134143983244087
1085,259078495.754518,40921504.24602768,0.016497139117826413,0.007,0.015510175057962082
1086,242392193.81681514,57607806.18373054,0.016497139117826413,0.007,0.01636910200231284
1087,253969721.7393441,46030278.26120159,0.016497139117826413,0.007,0.016726580765281194
1088,239839053.20905292,60160946.79149276,0.016497139117826413,0.007,0.01631382375921758
1089,265727788.68877375,34272211.31177193,0.016497139117826413,0.007,0.015908776788671072
1090,253941711.95998555,46058288.04056013,0.016497139117826413,0.007,0.016993160841286954
1091,263063348.439242,36936651.561303675,0.016497139117826413,0.007,0.01680113817642916
1092,290036645.6720004,23843334.94800359,0.016497139117826413,0.007,0.01819318320351276
1093,261435074.61936593,38564925.38117975,0.016497139117826413,0.007,0.017214389004999903
1094,245448755.60605332,54551244.39449236,0.016497139117826413,0.007,0.01606183154571212
1095,252924611.6344908,47075388.36605489,0.016497139117826413,0.007,0.01658364263757445
1096,259185622.1720419,40814377.82850379,0.016497139117826413,0.007,0.016477192255163524
1097,239441371.24771586,60558628.75282982,0.016497139117826413,0.007,0.01536318278329294
1098,251644605.77635556,48355394.224190116,0.016497139117826413,0.007,0.016193344711976216
1099,236517198.04940772,63482801.95113796,0.016497139117826413,0.007,0.015169044466304777
1100,235154509.6277465,64845490.37279919,0.016497139117826413,0.007,0.016409980484629612
1101,258412316.74771157,41587683.25283411,0.016497139117826413,0.007,0.016571811582338145
1102,251030285.19417912,48969714.80636656,0.016497139117826413,0.007,0.01581316842894824
1103,278644420.95132905,24719659.926362097,0.016497139117826413,0.007,0.01642869677068095
1104,242054263.5681953,57945736.43235037,0.016497139117826413,0.007,0.016264577709274586
1105,272836147.5721423,27163852.428403378,0.016497139117826413,0.007,0.01742561132762679
1106,260542733.01071316,39457266.98983252,0.016497139117826413,0.007,0.01723406840895328
1107,252443420.93727514,47556579.06327054,0.016497139117826413,0.007,0.017053788752489373
1108,283843040.77254194,24319766.09395224,0.016497139117826413,0.007,0.017504823608319394
1109,245781363.17651755,54218636.824028134,0.016497139117826413,0.007,0.015030227106531858
1110,264638464.69572818,35361535.3048175,0.016497139117826413,0.007,0.016864270030205956
1111,232751656.94381964,67248343.05672604,0.016497139117826413,0.007,0.015915297704270987
1112,262338352.37921655,37661647.62132913,0.016497139117826413,0.007,0.016836990018968823
1113,251353743.26190996,48646256.73863572,0.016497139117826413,0.007,0.016563529979323203
1114,241147038.40911394,58852961.59143174,0.016497139117826413,0.007,0.01513657857761146
1115,266785641.44153392,33214358.559011757,0.016497139117826413,0.007,0.017373966012968055
1116,251140556.66441146,48859443.336134225,0.016497139117826413,0.007,0.016710680178072604
1117,260153256.23123384,39846743.769311845,0.016497139117826413,0.007,0.016479886414053888
1118,238166799.9829227,61833200.01762298,0.016497139117826413,0.007,0.015905650870323546
1119,229763745.37798825,70236254.62255743,0.016497139117826413,0.007,0.015757009117118796
1120,241875043.20283484,58124956.797710836,0.016497139117826413,0.007,0.015428469267390636
1121,257824338.50182158,42175661.4987241,0.016497139117826413,0.007,0.01664546925320668
1122,251929381.08896708,48070618.911578596,0.016497139117826413,0.007,0.01682021637069287
1123,238375781.30509654,61624218.69544914,0.016497139117826413,0.007,0.015117821108895233
1124,282649069.1033487,24411610.069188237,0.016497139117826413,0.007,0.01823164339995817
1125,226616697.99943137,73383302.00111431,0.016497139117826413,0.007,0.014918800902429079
1126,258778718.56389147,41221281.43665421,0.016497139117826413,0.007,0.016296606768512023
1127,268447601.0030365,31552398.99750918,0.016497139117826413,0.007,0.017276163147091256
1128,237695208.45552084,62304791.54502484,0.016497139117826413,0.007,0.01583697736925959
1129,249597603.5039169,50402396.49662879,0.016497139117826413,0.007,0.016421211786382218
1130,261337493.2402601,38662506.760285586,0.016497139117826413,0.007,0.01606885781865703
1131,245350746.53627172,54649253.46427396,0.016497139117826413,0.007,0.01644216797172913
1132,249011187.67704222,50988812.323503464,0.016497139117826413,0.007,0.01751586904848706
1133,223184507.02950126,76815492.97104442,0.016497139117826413,0.007,0.015364181007320775
1134,252683575.5651884,47316424.43535727,0.016497139117826413,0.007,0.016696933419524492
1135,254943159.79683208,45056840.203713596,0.016497139117826413,0.007,0.01567199619261489
1136,239380561.06679064,60619438.93375504,0.016497139117826413,0.007,0.015124875897573418
1137,253480211.28456807,46519788.71597761,0.016497139117826413,0.007,0.016394988536175843
1138,227260144.98997447,72739855.01057121,0.016497139117826413,0.007,0.015273684257276507
1139,228904650.95829302,71095349.04225266,0.016497139117826413,0.007,0.016872958704852066
1140,254893992.8842951,45106007.116250575,0.016497139117826413,0.007,0.016469691225047663
1141,251110272.31525457,48889727.68529111,0.016497139117826413,0.007,0.017408684145119688
1142,276158865.7113,24910856.483615756,0.016497139117826413,0.007,0.01700791637627181
1143,256075877.63685456,43924122.36369112,0.016497139117826413,0.007,0.01610706171947683
1144,245284156.37303153,54715843.62751415,0.016497139117826413,0.007,0.015611787595758717
1145,256427909.05239993,43572090.94814575,0.016497139117826413,0.007,0.017538523769299343
1146,234415978.75768256,65584021.24286312,0.016497139117826413,0.007,0.016796479937034824
1147,261746784.96416423,38253215.03638145,0.016497139117826413,0.007,0.017011502719702573
1148,272628571.6266164,27371428.373929262,0.016497139117826413,0.007,0.016791958671839403
1149,256488561.53279692,43511438.46774876,0.016497139117826413,0.007,0.016915444291110495
1150,255147265.00174367,44852734.998802006,0.016497139117826413,0.007,0.016756489069042372
1151,244799565.45967674,55200434.54086894,0.016497139117826413,0.007,0.01692574443107657
1152,248975966.4319306,51024033.56861508,0.016497139117826413,0.007,0.01773925791839821
1153,217954908.9597298,82045091.04081589,0.016497139117826413,0.007,0.015156005273050598
1154,255668743.81266066,44331256.187885016,0.016497139117826413,0.007,0.01614328740645006
1155,265876808.5068496,34123191.49369609,0.016497139117826413,0.007,0.01719530920811223
1156,245266224.54546472,54733775.455080956,0.016497139117826413,0.007,0.015351415056912837
1157,231240717.9516859,68759282.04885978,0.016497139117826413,0.007,0.015810458622214276
1158,239987198.94283545,60012801.05771023,0.016497139117826413,0.007,0.016764006949820744
1159,257454067.62740785,42545932.37313783,0.016497139117826413,0.007,0.01759327133159352
1160,259328914.134571,40671085.865974694,0.016497139117826413,0.007,0.01682409918760475
1161,267095666.41994712,32904333.580598563,0.016497139117826413,0.007,0.01687576031710751
1162,260103084.16095564,39896915.83959004,0.016497139117826413,0.007,0.0169245319767333
1163,238998176.82170263,61001823.17884305,0.016497139117826413,0.007,0.016294704213808433
1164,247038850.48427188,52961149.5162738,0.016497139117826413,0.007,0.016095822027577606
1165,228811413.03327528,71188586.9672704,0.016497139117826413,0.007,0.01555944045251035
1166,238797471.19605705,61202528.80448863,0.016497139117826413,0.007,0.01551291986103889
1167,270893291.6241366,29106708.376409054,0.016497139117826413,0.007,0.016317978425815366
1168,261854845.73609984,38145154.26444584,0.016497139117826413,0.007,0.016635262331736244
1169,257769924.29703012,42230075.70351556,0.016497139117826413,0.007,0.01718138933225124
1170,250675630.38222414,49324369.61832154,0.016497139117826413,0.007,0.017611186065253616
1171,241328694.75574553,58671305.24480015,0.016497139117826413,0.007,0.01675089684534355
1172,258163030.68938753,41836969.31115815,0.016497139117826413,0.007,0.01543808414261246
1173,256490536.27745053,43509463.72309515,0.016497139117826413,0.007,0.017085303061198584
1174,215425639.52835009,84574360.4721956,0.016497139117826413,0.007,0.013759130231648107
1175,252853093.0452689,47146906.95527679,0.016497139117826413,0.007,0.015562704167074256
1176,252551954.84269735,47448045.15784833,0.016497139117826413,0.007,0.016668919600741846
1177,271634425.9049787,28365574.095566988,0.016497139117826413,0.007,0.01734079190085824
1178,227657409.3506142,72342590.64993149,0.016497139117826413,0.007,0.015462311795744053
1179,249247979.60684982,50752020.39369586,0.016497139117826413,0.007,0.016986577261843563
1180,252005817.27465737,47994182.72588831,0.016497139117826413,0.007,0.017299691862680374
1181,234094458.65987283,65905541.34067285,0.016497139117826413,0.007,0.01601688117528345
1182,248115495.07190162,51884504.92864406,0.016497139117826413,0.007,0.017091738779640864
1183,252274711.3673376,47725288.633208066,0.016497139117826413,0.007,0.01702347412173034
1184,241944332.5224076,58055667.47813809,0.016497139117826413,0.007,0.016033449835021217
1185,249545973.34024635,50454026.66029933,0.016497139117826413,0.007,0.01633668188345768
1186,241639118.4227256,58360881.57782009,0.016497139117826413,0.007,0.01709732772274561
1187,270557066.2263604,29442933.7741853,0.016497139117826413,0.007,0.01652251271691292
1188,263944593.31218392,36055406.688361764,0.016497139117826413,0.007,0.01762107947241205
1189,248749510.90092933,51250489.09961635,0.016497139117826413,0.007,0.017023187029696248
1190,256214484.4330064,43785515.567539275,0.016497139117826413,0.007,0.01734561437234904
1191,251463346.42800188,48536653.5725438,0.016497139117826413,0.007,0.015851186079990885
1192,250325490.35842073,49674509.64212495,0.016497139117826413,0.007,0.016580487439092843
1193,244747620.84809303,55252379.15245265,0.016497139117826413,0.007,0.015619049819554628
1194,252944651.50483215,47055348.49571353,0.016497139117826413,0.007,0.016394833390442246
1195,246343684.82163617,53656315.17890951,0.016497139117826413,0.007,0.015473439283336037
1196,237576626.41291386,62423373.58763182,0.016497139117826413,0.007,0.0162822853486956
1197,271351224.4849579,28648775.515587807,0.016497139117826413,0.007,0.016931155184420326
1198,250321754.8946354,49678245.10591027,0.016497139117826413,0.007,0.016365694198829484
1199,252971950.69750664,47028049.303039044,0.016497139117826413,0.007,0.014563190910487188
1200,254106286.75130993,45893713.24923575,0.016497139117826413,0.007,0.01751980895893203
1201,226825681.4931665,73174318.50737917,0.016497139117826413,0.007,0.014591052045932756
1202,251102194.5761406,48897805.42440507,0.016497139117826413,0.007,0.01642008705837561
1203,236500796.57198513,63499203.428560555,0.016497139117826413,0.007,0.016300782369190112
1204,261700457.5804355,38299542.420110166,0.016497139117826413,0.007,0.016370815896311133
1205,238750244.14908168,61249755.851464,0.016497139117826413,0.007,0.0161214274773575
1206,253632377.75315845,46367622.24738723,0.016497139117826413,0.007,0.01759769394166997
1207,243880002.89496005,56119997.105585635,0.016497139117826413,0.007,0.015868032825435814
1208,238686953.55202627,61313046.44851941,0.016497139117826413,0.007,0.01609390978451412
1209,265457253.75838637,34542746.24215931,0.016497139117826413,0.007,0.01586671050824429
1210,271204087.9406848,28795912.059860885,0.016497139117826413,0.007,0.017104734258280976
1211,252031811.1824452,47968188.81810048,0.016497139117826413,0.007,0.015862328979184177
1212,266677689.42780945,33322310.572736233,0.016497139117826413,0.007,0.017139291592848955
1213,239102104.8699646,60897895.13058108,0.016497139117826413,0.007,0.01632319859818292
1214,236493563.65107694,63506436.34946874,0.016497139117826413,0.007,0.017641839422459
1215,249866051.16698876,50133948.83355692,0.016497139117826413,0.007,0.01702221917743855
1216,234024371.9786214,65975628.02192429,0.016497139117826413,0.007,0.01563447306735185
1217,249269085.24542895,50730914.75511673,0.016497139117826413,0.007,0.016826081950746963
1218,264602769.42564356,35397230.57490212,0.016497139117826413,0.007,0.01563463321931956
1219,232960502.34825408,67039497.652291596,0.016497139117826413,0.007,0.014902254191663074
1220,249874210.95404455,50125789.04650113,0.016497139117826413,0.007,0.016957210773802238
1221,228398326.97121525,71601673.02933043,0.016497139117826413,0.007,0.01658907295789619
1222,250973424.01688167,49026575.983664006,0.016497139117826413,0.007,0.016481552148207273
1223,267585785.4483186,32414214.55222708,0.016497139117826413,0.007,0.01803072865205922
1224,240431111.16333675,59568888.83720893,0.016497139117826413,0.007,0.015835369232975367
1225,253604232.21410438,46395767.7864413,0.016497139117826413,0.007,0.017270613278531015
1226,234996861.91046906,65003138.090076625,0.016497139117826413,0.007,0.016240570828037787
1227,266174366.94562364,33825633.054922044,0.016497139117826413,0.007,0.01759603204395037
1228,242787177.0112957,57212822.989249974,0.016497139117826413,0.007,0.016428650031344715
1229,236036732.95618477,63963267.044360906,0.016497139117826413,0.007,0.016414805018824582
1230,264311229.1063752,35688770.89417049,0.016497139117826413,0.007,0.017192011097553434
1231,241214175.82525846,58785824.17528722,0.016497139117826413,0.007,0.014740334678387385
1232,251399038.10875154,48600961.891794145,0.016497139117826413,0.007,0.016009479355704716
1233,249573360.12708184,50426639.87346384,0.016497139117826413,0.007,0.017184824704407603
1234,259729981.32794476,40270018.672600925,0.016497139117826413,0.007,0.017110775179974964
1235,238011254.7665967,61988745.233948976,0.016497139117826413,0.007,0.015452133339144861
1236,267288470.8570203,32711529.14352539,0.016497139117826413,0.007,0.017461994725575136
1237,244057946.31024772,55942053.69029796,0.016497139117826413,0.007,0.015790536662101937
1238,244127842.64774767,55872157.352798015,0.016497139117826413,0.007,0.01617757923461644
1239,251399175.81108424,48600824.18946144,0.016497139117826413,0.007,0.016745499750976573
1240,269952118.46155137,30047881.538994312,0.016497139117826413,0.007,0.016279685998358374
1241,250136497.32150498,49863502.6790407,0.016497139117826413,0.007,0.016626630500865013
1242,262103706.7855106,37896293.21503508,0.016497139117826413,0.007,0.016036703074012407
1243,247483598.41784698,52516401.5826987,0.016497139117826413,0.007,0.01544101471465085
1244,276028893.3483928,24920854.35760641,0.016497139117826413,0.007,0.017369609381934454
1245,256672082.4269966,43327917.57354909,0.016497139117826413,0.007,0.016822801188423185
1246,277859630.93499076,24780028.389095426,0.016497139117826413,0.007,0.017731915344285087
1247,265580490.80066752,34419509.199878156,0.016497139117826413,0.007,0.015571683414079796
1248,266743439.0968232,33256560.903722495,0.016497139117826413,0.007,0.01693990420900297
1249,236767349.37105358,63232650.629492104,0.016497139117826413,0.007,0.01482057720354767
1250,247700265.17199016,52299734.828555524,0.016497139117826413,0.007,0.017627795231428305
1251,240088920.50835383,59911079.49219185,0.016497139117826413,0.007,0.016927239381898156
1252,252330887.9621426,47669112.038403094,0.016497139117826413,0.007,0.016027892411152742
1253,227417232.7886303,72582767.21191537,0.016497139117826413,0.007,0.015122317790520597
1254,261408340.47753215,38591659.52301353,0.016497139117826413,0.007,0.017316670205708415
1255,255260743.7062896,44739256.29425609,0.016497139117826413,0.007,0.016868103262070774
1256,242069006.86975056,57930993.13079512,0.016497139117826413,0.007,0.01669066861197888
1257,268768014.42188966,31231985.578656018,0.016497139117826413,0.007,0.016501338871719548
1258,240966341.19767568,59033658.802870005,0.016497139117826413,0.007,0.01579607255756761
1259,228807386.26573688,71192613.7348088,0.016497139117826413,0.007,0.01581835372555001
1260,242520744.83838916,57479255.16215652,0.016497139117826413,0.007,0.016340466689292128
1261,243991738.730034,56008261.27051169,0.016497139117826413,0.007,0.01532446178559671
1262,261208254.9514868,38791745.049058884,0.016497139117826413,0.007,0.01697346458031735
1263,274428061.60523736,25571938.395308316,0.016497139117826413,0.007,0.017419324419293242
1264,242275977.8102319,57724022.190313786,0.016497139117826413,0.007,0.01586806531038266
1265,255949248.25691724,44050751.74362844,0.016497139117826413,0.007,0.015783423819732825
1266,265577922.36277133,34422077.63777435,0.016497139117826413,0.007,0.01739678437207886
1267,244343906.45279828,55656093.5477474,0.016497139117826413,0.007,0.016071134064001357
1268,253737332.45301342,46262667.54753226,0.016497139117826413,0.007,0.016177466213869156
1269,255808036.85109946,44191963.14944622,0.016497139117826413,0.007,0.01634320802196306
1270,247307903.74642888,52692096.2541168,0.016497139117826413,0.007,0.016844968071885534
1271,271940214.97200245,28059785.028543234,0.016497139117826413,0.007,0.017481768474563664
1272,239665245.86552826,60334754.135017425,0.016497139117826413,0.007,0.01682767119266194
1273,232114662.98046085,67885337.02008483,0.016497139117826413,0.007,0.016152521652647762
1274,256863462.62470007,43136537.37584561,0.016497139117826413,0.007,0.017009341625238542
1275,236182447.12801945,63817552.87252623,0.016497139117826413,0.007,0.01563778328000644
1276,245185802.11486107,54814197.88568461,0.016497139117826413,0.007,0.015583157110837364
1277,254442172.43553302,45557827.56501266,0.016497139117826413,0.007,0.017561967954381984
1278,261847734.09937674,38152265.90116894,0.016497139117826413,0.007,0.01624890127265511
1279,247581094.6308676,52418905.36967808,0.016497139117826413,0.007,0.016311295451628727
1280,247142528.15961796,52857471.84092772,0.016497139117826413,0.007,0.017762626605206958
1281,235374811.71181384,64625188.28873184,0.016497139117826413,0.007,0.01584506615500345
1282,242446256.53975898,57553743.4607867,0.016497139117826413,0.007,0.017207334101451185
1283,277083599.55499035,24839723.111162305,0.016497139117826413,0.007,0.015838564849604202
1284,265634531.69554573,34365468.30499995,0.016497139117826413,0.007,0.016745161666537303
1285,262087845.78374264,37912154.216803044,0.016497139117826413,0.007,0.017934465652165443
1286,234030143.11413953,65969856.88640615,0.016497139117826413,0.007,0.015391549683773889
1287,261809921.57000524,38190078.43054044,0.016497139117826413,0.007,0.017234231177174986
1288,254525572.94469696,45474427.05584872,0.016497139117826413,0.007,0.016063280573716286
1289,250468471.64085785,49531528.359687835,0.016497139117826413,0.007,0.016438171624333836
1290,268121340.3983574,31878659.60218829,0.016497139117826413,0.007,0.017455975727486785
1291,244813516.96311504,55186483.037430644,0.016497139117826413,0.007,0.016212244071093902
1292,258296649.4539275,41703350.54661819,0.016497139117826413,0.007,0.017767002919844774
1293,246511737.19020444,53488262.81034124,0.016497139117826413,0.007,0.018100359826906436
1294,255933418.144699,44066581.85584667,0.016497139117826413,0.007,0.01667672337840743
1295,246358584.02362177,53641415.97692391,0.016497139117826413,0.007,0.0165628693381584
1296,244667185.19567162,55332814.80487406,0.016497139117826413,0.007,0.017096424199246077
1297,249051225.37334153,50948774.62720415,0.016497139117826413,0.007,0.016338576775608394
1298,262680836.7319393,37319163.268606395,0.016497139117826413,0.007,0.017254573158120984
1299,265089628.61099935,34910371.389546335,0.016497139117826413,0.007,0.016370033826037366
1300,261825877.31459737,38174122.68594831,0.016497139117826413,0.007,0.01820439507270942
1301,257594111.56497714,42405888.43556854,0.016497139117826413,0.007,0.017271503992284127
1302,249624226.83059785,50375773.16994783,0.016497139117826413,0.007,0.015768677851256116
1303,232490962.43442032,67509037.56612536,0.016497139117826413,0.007,0.01702152998577583
1304,259858752.2843476,40141247.71619809,0.016497139117826413,0.007,0.017230548437192697
1305,252994851.76218,47005148.23836568,0.016497139117826413,0.007,0.01681667581042119
1306,251885448.30228987,48114551.69825581,0.016497139117826413,0.007,0.017374018647360375
1307,255507165.82457983,44492834.175965846,0.016497139117826413,0.007,0.017144723497289266
1308,248543591.3018991,51456408.698646575,0.016497139117826413,0.007,0.01600321986426985
1309,250726984.9731226,49273015.027423084,0.016497139117826413,0.007,0.015386442125571238
1310,242379732.44761673,57620267.552928954,0.016497139117826413,0.007,0.016266260115201804
1311,262648729.39272648,37351270.6078192,0.016497139117826413,0.007,0.018015225928968467
1312,232903507.255857,67096492.74468869,0.016497139117826413,0.007,0.015474750345856141
1313,247677491.07837135,52322508.922174335,0.016497139117826413,0.007,0.016118055651601067
1314,254640383.23491657,45359616.76562911,0.016497139117826413,0.007,0.016534655555909935
1315,240860860.8276351,59139139.17291057,0.016497139117826413,0.007,0.015493289379165201
1316,259196334.51741216,40803665.483133525,0.016497139117826413,0.007,0.016743075986159733
1317,238528967.43344772,61471032.56709796,0.016497139117826413,0.007,0.014547677432673533
1318,253432466.1220242,46567533.87852147,0.016497139117826413,0.007,0.01684930614054414
1319,259376228.23473775,40623771.76580793,0.016497139117826413,0.007,0.017180872786236145
1320,250259441.54769847,49740558.45284721,0.016497139117826413,0.007,0.016486147494043143
1321,259728928.23714554,40271071.76340014,0.016497139117826413,0.007,0.016161714699377532
1322,225152336.73389187,74847663.2666538,0.016497139117826413,0.007,0.01622665931516931
1323,237713017.10922962,62286982.891316056,0.016497139117826413,0.007,0.01719966494494075
1324,247936553.7827087,52063446.217836976,0.016497139117826413,0.007,0.015124661640216435
1325,236194168.500447,63805831.500098675,0.016497139117826413,0.007,0.016022042515629914
1326,242521959.686427,57478040.31411868,0.016497139117826413,0.007,0.016270853914398208
1327,260289881.40378237,39710118.59676331,0.016497139117826413,0.007,0.018561099581444175
1328,265407505.64690676,34592494.35363892,0.016497139117826413,0.007,0.01727949018192118
1329,235364472.68048236,64635527.32006332,0.016497139117826413,0.007,0.015042302745777133
1330,253706977.77952075,46293022.22102493,0.016497139117826413,0.007,0.016411006913218708
1331,267781494.3129164,32218505.687629282,0.016497139117826413,0.007,0.01670976357402762
1332,257364941.11895442,42635058.88159126,0.016497139117826413,0.007,0.016086816597998644
1333,260626624.40635788,39373375.594187796,0.016497139117826413,0.007,0.016014380096340992
1334,258682102.65305245,41317897.34749323,0.016497139117826413,0.007,0.01722801460739277
1335,258173175.93973032,41826824.060815364,0.016497139117826413,0.007,0.01572803119056094
1336,252951273.14324656,47048726.85729912,0.016497139117826413,0.007,0.01687677375102562
1337,250574214.17183316,49425785.82871252,0.016497139117826413,0.007,0.015991217757127515
1338,234394265.71772963,65605734.28281605,0.016497139117826413,0.007,0.015999362318640614
1339,253046807.56974733,46953192.43079835,0.016497139117826413,0.007,0.01646244639975692
1340,225874219.0781478,74125780.92239788,0.016497139117826413,0.007,0.014888102673394406
1341,259386781.6854602,40613218.31508547,0.016497139117826413,0.007,0.016735759326272494
1342,268858613.50854176,31141386.492003918,0.016497139117826413,0.007,0.015709434464016292
1343,264288757.20472017,35711242.79582551,0.016497139117826413,0.007,0.015574127045179147
1344,255712951.23609468,44287048.764451,0.016497139117826413,0.007,0.01675705444097409
1345,255695118.65015092,44304881.350394756,0.016497139117826413,0.007,0.015443175652864877
1346,257950390.82915655,42049609.17138913,0.016497139117826413,0.007,0.01755872891551902
1347,250140291.38864422,49859708.61190146,0.016497139117826413,0.007,0.016620610941079618
1348,252282006.01567942,47717993.98486626,0.016497139117826413,0.007,0.016061333071890442
1349,251584856.40368745,48415143.59685823,0.016497139117826413,0.007,0.017960268217341754
1350,245450684.51465714,54549315.48588854,0.016497139117826413,0.007,0.01660543517538709
1351,241576171.90142328,58423828.099122405,0.016497139117826413,0.007,0.016274472013306708
1352,249078620.4056835,50921379.59486219,0.016497139117826413,0.007,0.016894604976796186
1353,236548398.32302177,63451601.67752391,0.016497139117826413,0.007,0.01579536210815943
1354,243657993.46173254,56342006.538813144,0.016497139117826413,0.007,0.016252081542495894
1355,256559217.3694367,43440782.63110897,0.016497139117826413,0.007,0.01670866705353292
1356,274963482.1837359,25036517.816809773,0.016497139117826413,0.007,0.016923411898016015
1357,252260644.79314896,47739355.207396716,0.016497139117826413,0.007,0.016320289067238515
1358,267753168.74744573,32246831.25309995,0.016497139117826413,0.007,0.016367630074674625
1359,251627613.8292247,48372386.171320975,0.016497139117826413,0.007,0.016718800811814986
1360,259924927.0612714,40075072.93927428,0.016497139117826413,0.007,0.01694472479364103
1361,256746929.74755752,43253070.25298816,0.016497139117826413,0.007,0.017398711576623573
1362,250828290.96189976,49171709.03864592,0.016497139117826413,0.007,0.01605023675449277
1363,239044881.698102,60955118.30244368,0.016497139117826413,0.007,0.01607857104727624
1364,242247009.6766555,57752990.32389018,0.016497139117826413,0.007,0.015201094038023975
1365,251808625.85968825,48191374.14085743,0.016497139117826413,0.007,0.017751618670727845
1366,254108394.717158,45891605.28338769,0.016497139117826413,0.007,0.016544269910188803
1367,286042068.81506974,24150610.09062642,0.016497139117826413,0.007,0.017526769161066515
1368,246559219.8702087,53440780.13033697,0.016497139117826413,0.007,0.016017877883890932
1369,264472893.7030655,35527106.297480166,0.016497139117826413,0.007,0.016550646964043746
1370,264750730.06210762,35249269.93843806,0.016497139117826413,0.007,0.016811826734324256
1371,251367642.5423301,48632357.458215594,0.016497139117826413,0.007,0.01660034765812647
1372,248250797.8542396,51749202.14630607,0.016497139117826413,0.007,0.017181119112442963
1373,251701888.1374839,48298111.863061786,0.016497139117826413,0.007,0.01753680712975664
1374,248144533.36787477,51855466.63267091,0.016497139117826413,0.007,0.015905867358370376
1375,256276123.1834424,43723876.81710327,0.016497139117826413,0.007,0.016927287822025565
1376,260642961.67137423,39357038.32917145,0.016497139117826413,0.007,0.01651929482976818
1377,266005413.86113322,33994586.13941246,0.016497139117826413,0.007,0.016205742480895992
1378,243841584.22667414,56158415.77387154,0.016497139117826413,0.007,0.017232938297979505
1379,250105497.6126095,49894502.387936175,0.016497139117826413,0.007,0.016044364418229207
1380,234656678.74768698,65343321.2528587,0.016497139117826413,0.007,0.01669442554526948
1381,239894313.04700613,60105686.95353955,0.016497139117826413,0.007,0.01621579128620816
1382,265458968.4430344,34541031.55751127,0.016497139117826413,0.007,0.016011255249746264
1383,240460199.14002252,59539800.860523164,0.016497139117826413,0.007,0.01598351775404368
1384,232650959.17623636,67349040.82430932,0.016497139117826413,0.007,0.01631962921646114
1385,244936352.05864173,55063647.94190395,0.016497139117826413,0.007,0.015731568278975604
1386,241058379.1582693,58941620.842276394,0.016497139117826413,0.007,0.017192292371641545
1387,270213189.53712493,29786810.46342075,0.016497139117826413,0.007,0.016769906206320136
1388,238878988.4987671,61121011.50177857,0.016497139117826413,0.007,0.015268391799506445
1389,263084395.48900697,36915604.511538714,0.016497139117826413,0.007,0.017028586834093598
1390,252830354.78066117,47169645.219884515,0.016497139117826413,0.007,0.01590258594636905
1391,252236502.96740046,47763497.03314522,0.016497139117826413,0.007,0.017015634779732305
1392,238326770.43155062,61673229.56899506,0.016497139117826413,0.007,0.016657385342048997
1393,243777470.40692818,56222529.5936175,0.016497139117826413,0.007,0.016152611673460715
1394,242191870.32071978,57808129.6798259,0.016497139117826413,0.007,0.017506396015743986
1395,259939807.50106955,40060192.499476135,0.016497139117826413,0.007,0.0165324717168049
1396,244410107.4109988,55589892.58954689,0.016497139117826413,0.007,0.016377742395549098
1397,251411611.27156988,48588388.7289758,0.016497139117826413,0.007,0.016245781735130083
1398,259452214.6205763,40547785.37996939,0.016497139117826413,0.007,0.016186931125616935
1399,244431363.58473682,55568636.41580886,0.016497139117826413,0.007,0.016438837873529875
1400,276068086.41880023,24917839.506505966,0.016497139117826413,0.007,0.017350265776243816
1401,261305375.36962834,38694624.63091734,0.016497139117826413,0.007,0.018934752637527506
1402,255917883.65344745,44082116.34709823,0.016497139117826413,0.007,0.016831504184322884
1403,260770896.66082692,39229103.33971876,0.016497139117826413,0.007,0.016337522459421758
1404,258116396.5728335,41883603.42771217,0.016497139117826413,0.007,0.016542070619216802
1405,255423332.87523434,44576667.125311345,0.016497139117826413,0.007,0.016178794541190773
1406,252041927.95482776,47958072.045717925,0.016497139117826413,0.007,0.01656248738883474
1407,239883604.1944658,60116395.806079894,0.016497139117826413,0.007,0.0159255313298161
1408,253504206.59546086,46495793.40508482,0.016497139117826413,0.007,0.017792657179252918
1409,222257690.6491377,77742309.35140797,0.016497139117826413,0.007,0.016184011121934776
1410,242912986.27537376,57087013.72517192,0.016497139117826413,0.007,0.015407954155154486
1411,237452108.5996038,62547891.40094188,0.016497139117826413,0.007,0.015230463739341973
1412,257082156.95592737,42917843.04461831,0.016497139117826413,0.007,0.01823395838876364
1413,262973244.93237948,37026755.0681662,0.016497139117826413,0.007,0.01803156435989944
1414,246099489.59390676,53900510.40663892,0.016497139117826413,0.007,0.016899267258920745
1415,243770823.5275304,56229176.47301528,0.016497139117826413,0.007,0.016080205667307723
1416,258864022.47252518,41135977.5280205,0.016497139117826413,0.007,0.01621690203399879
1417,255423990.09061074,44576009.90993494,0.016497139117826413,0.007,0.016183063827219166
1418,261585729.32585087,38414270.67469481,0.016497139117826413,0.007,0.01693926441513237
1419,244993473.85752714,55006526.14301854,0.016497139117826413,0.007,0.01617199692271855
1420,248328642.23152757,51671357.76901811,0.016497139117826413,0.007,0.01636811519691826
1421,251767292.34277308,48232707.6577726,0.016497139117826413,0.007,0.01639799443318453
1422,249831753.95853448,50168246.0420112,0.016497139117826413,0.007,0.016654852490225292
1423,238833864.32723552,61166135.67331016,0.016497139117826413,0.007,0.015657838276519277
1424,274072245.8966879,25927754.103857756,0.016497139117826413,0.007,0.01622831377309988
1425,255969701.33400923,44030298.66653645,0.016497139117826413,0.007,0.017190941928794452
1426,248652662.74761188,51347337.2529338,0.016497139117826413,0.007,0.016366659465651374
1427,239236276.34373546,60763723.656810224,0.016497139117826413,0.007,0.016487312758785396
1428,245130049.1866891,54869950.81385657,0.016497139117826413,0.007,0.01602007882709711
1429,228990386.12334338,71009613.8772023,0.016497139117826413,0.007,0.016852587562104636
1430,247282302.67218,52717697.32836568,0.016497139117826413,0.007,0.017344410648070012
1431,251574013.1141223,48425986.88642338,0.016497139117826413,0.007,0.016858475062229393
1432,262346097.87759054,37653902.12295514,0.016497139117826413,0.007,0.016931852766919712
1433,235287866.1911875,64712133.80935818,0.016497139117826413,0.007,0.016138681233853633
1434,235532452.12311378,64467547.8774319,0.016497139117826413,0.007,0.015286302396469475
1435,260365785.199371,39634214.80117467,0.016497139117826413,0.007,0.016033398076253477
1436,257193248.63811618,42806751.3624295,0.016497139117826413,0.007,0.01768748615120069
1437,230155468.74778715,69844531.25275853,0.016497139117826413,0.007,0.015977569204765434
1438,270309699.1775172,29690300.823028505,0.016497139117826413,0.007,0.016703353767575715
1439,240838653.12963486,59161346.87091082,0.016497139117826413,0.007,0.017201281000035918
1440,269440268.2701947,30559731.73035097,0.016497139117826413,0.007,0.01659635208102129
1441,268475053.3437821,31524946.656763554,0.016497139117826413,0.007,0.016347233263320642
1442,232822137.63671762,67177862.36382806,0.016497139117826413,0.007,0.016122376075814807
1443,241353563.2786985,58646436.72184718,0.016497139117826413,0.007,0.016456453230627124
1444,246636633.30562297,53363366.694922715,0.016497139117826413,0.007,0.015102090898604526
1445,241582177.36791775,58417822.632627934,0.016497139117826413,0.007,0.015851999983467382
1446,240222934.85282966,59777065.147716016,0.016497139117826413,0.007,0.016315114212233073
1447,250393185.1592373,49606814.841308385,0.016497139117826413,0.007,0.015993079686803652
1448,222684701.40749484,77315298.59305084,0.016497139117826413,0.007,0.015832643976428574
1449,245037848.21457016,54962151.785975516,0.016497139117826413,0.007,0.016501910102355945
1450,263499280.59906626,36500719.40147942,0.016497139117826413,0.007,0.01819150018244501
1451,270882511.7728526,29117488.22769308,0.016497139117826413,0.007,0.01654578306433571
1452,226498719.85142428,73501280.1491214,0.016497139117826413,0.007,0.01574578138065695
1453,233256537.03023311,66743462.970312566,0.016497139117826413,0.007,0.017036186194230137
1454,244671627.59813052,55328372.40241516,0.016497139117826413,0.007,0.016619521145926915
1455,247351456.8032643,52648543.19728139,0.016497139117826413,0.007,0.014943341645147868
1456,250132449.48599282,49867550.51455286,0.016497139117826413,0.007,0.016952395942243518
1457,244010057.11234248,55989942.8882032,0.016497139117826413,0.007,0.01618550903626919
1458,239076295.83676425,60923704.163781434,0.016497139117826413,0.007,0.015623058438067666
1459,245785816.79925215,54214183.20129353,0.016497139117826413,0.007,0.01591648683269975
1460,237030530.39977127,62969469.60077441,0.016497139117826413,0.007,0.015607039076644381
1461,266300275.20873734,33699724.79180834,0.016497139117826413,0.007,0.016154515218556924
1462,261197594.66511652,38802405.33542916,0.016497139117826413,0.007,0.017689621319050584
1463,224911160.07000208,75088839.9305436,0.016497139117826413,0.007,0.015288058536348847
1464,253337974.74469715,46662025.25584853,0.016497139117826413,0.007,0.016580356467737555
1465,255594447.11127615,44405552.88926953,0.016497139117826413,0.007,0.017801047820898266
1466,261879426.69222233,38120573.30832335,0.016497139117826413,0.007,0.016358521224379072
1467,226242016.9200153,73757983.08053038,0.016497139117826413,0.007,0.015658551109378197
1468,248762775.90121138,51237224.0993343,0.016497139117826413,0.007,0.015722660206753086
1469,248026453.43846524,51973546.56208044,0.016497139117826413,0.007,0.015564602262544238
1470,256613406.91858965,43386593.08195603,0.016497139117826413,0.007,0.017199756785490756
1471,245049017.70351863,54950982.29702705,0.016497139117826413,0.007,0.016193714123298748
1472,245919139.68184364,54080860.31870204,0.016497139117826413,0.007,0.016153217666365707
1473,246471746.13504624,53528253.86549944,0.016497139117826413,0.007,0.015232104985858004
1474,273041138.8648922,26958861.135653496,0.016497139117826413,0.007,0.01738505959057769
1475,266940504.8338139,33059495.166731775,0.016497139117826413,0.007,0.016236117783674543
1476,243018291.66239324,56981708.33815244,0.016497139117826413,0.007,0.016901021864036168
1477,255986395.01500192,44013604.98554376,0.016497139117826413,0.007,0.01691589105911442
1478,266332669.10174972,33667330.89879596,0.016497139117826413,0.007,0.017368494292708106
1479,248230888.2838648,51769111.716680884,0.016497139117826413,0.007,0.017355760609923047
1480,264938994.2539436,35061005.74660209,0.016497139117826413,0.007,0.017438778906972603
1481,267235076.11755058,32764923.8829951,0.016497139117826413,0.007,0.016902716977043125
1482,261727435.55933142,38272564.44121426,0.016497139117826413,0.007,0.01670551263429935
1483,251753687.09046856,48246312.910077125,0.016497139117826413,0.007,0.01631643063830581
1484,269250620.39000624,30749379.610539436,0.016497139117826413,0.007,0.017031757132299208
1485,265277363.35744062,34722636.64310506,0.016497139117826413,0.007,0.016128652989121025
1486,244663647.4462527,55336352.55429298,0.016497139117826413,0.007,0.015816490993638983
1487,254980671.60931346,45019328.39123222,0.016497139117826413,0.007,0.016632202934423083
1488,261807302.27302772,38192697.72751796,0.016497139117826413,0.007,0.017052337530363608
1489,260651256.44643223,39348743.55411345,0.016497139117826413,0.007,0.017385220957046577
1490,248529343.35402805,51470656.646517634,0.016497139117826413,0.007,0.016631492268637065
1491,246768915.97834522,53231084.022200465,0.016497139117826413,0.007,0.017576106534451977
1492,252374283.59839717,47625716.402148515,0.016497139117826413,0.007,0.016459237206891908
1493,247338440.419519,52661559.58102667,0.016497139117826413,0.007,0.016192189256731784
1494,241741329.0346061,58258670.96593958,0.016497139117826413,0.007,0.014955243384966654
1495,258964022.65216446,41035977.34838122,0.016497139117826413,0.007,0.015914894874311983
1496,265133828.01921165,34866171.98133403,0.016497139117826413,0.007,0.01710882525788848
1497,265550579.05918336,34449420.94136232,0.016497139117826413,0.007,0.017261942750983424
1498,260701112.48217738,39298887.518368304,0.016497139117826413,0.007,0.016803862211481727
1499,269251448.4530377,30748551.547508,0.016497139117826413,0.007,0.017990264928196355
1500,256351015.46661875,43648984.533926934,0.016497139117826413,0.007,0.017538417163326186
1501,251842357.50188324,48157642.49866244,0.016497139117826413,0.007,0.016296015363485707
1502,253118721.20407254,46881278.796473145,0.016497139117826413,0.007,0.01595267571725593
1503,240510519.37352324,59489480.627022445,0.016497139117826413,0.007,0.014755754401583651
1504,251331773.55931637,48668226.44122931,0.016497139117826413,0.007,0.017250263354794397
1505,243771199.19947568,56228800.801070005,0.016497139117826413,0.007,0.01464542238677144
1506,247606525.79007703,52393474.21046865,0.016497139117826413,0.007,0.01747328330329241
1507,260642244.12536857,39357755.875177115,0.016497139117826413,0.007,0.017675361930831596
1508,263428082.2101747,36571917.79037097,0.016497139117826413,0.007,0.0173978492395824
1509,271599674.880228,28400325.120317698,0.016497139117826413,0.007,0.017127502558502688
1510,247354730.53840014,52645269.46214554,0.016497139117826413,0.007,0.016017772410397865
1511,238273884.43682566,61726115.56372002,0.016497139117826413,0.007,0.0152422243879098
1512,270127562.3977313,29872437.602814376,0.016497139117826413,0.007,0.01762730637541464
1513,261588757.44261932,38411242.55792636,0.016497139117826413,0.007,0.016621017479965514
1514,252358101.602592,47641898.39795369,0.016497139117826413,0.007,0.016470651024826043
1515,244001487.16980708,55998512.830738604,0.016497139117826413,0.007,0.016955087282510207
1516,252259217.9737082,47740782.02683747,0.016497139117826413,0.007,0.016876615538738572
1517,272400336.2999365,27599663.700609207,0.016497139117826413,0.007,0.016265649212622656
1518,251222439.0932252,48777560.90732047,0.016497139117826413,0.007,0.016642681962229396
1519,241654979.65017015,58345020.35037553,0.016497139117826413,0.007,0.016066012912129467
1520,240880813.4589269,59119186.541618794,0.016497139117826413,0.007,0.01587478196270054
1521,239674360.87352037,60325639.127025306,0.016497139117826413,0.007,0.016016919504061096
1522,256183426.28014398,43816573.720401704,0.016497139117826413,0.007,0.01719367137348851
1523,244633552.4237132,55366447.57683247,0.016497139117826413,0.007,0.01744536030190901
1524,244273588.9886987,55726411.01184699,0.016497139117826413,0.007,0.016414457590617684
1525,252190813.41617215,47809186.584373534,0.016497139117826413,0.007,0.015498258786702721
1526,251049355.36523935,48950644.63530633,0.016497139117826413,0.007,0.01687044324375525
1527,236305634.3439354,63694365.65661028,0.016497139117826413,0.007,0.016512415666377022
1528,269942639.7323362,30057360.268209457,0.016497139117826413,0.007,0.016649099397898767
1529,260294008.84753576,39705991.15300992,0.016497139117826413,0.007,0.019312356461084125
1530,251837505.80941364,48162494.19113204,0.016497139117826413,0.007,0.01777292405824319
1531,256083511.0056378,43916488.994907886,0.016497139117826413,0.007,0.016429034057869968
1532,254479049.2173657,45520950.78317997,0.016497139117826413,0.007,0.01691104321684429
1533,250871722.11583477,49128277.88471091,0.016497139117826413,0.007,0.01700303575785287
1534,241824565.9549051,58175434.04564059,0.016497139117826413,0.007,0.01670626449948768
1535,273130040.59618217,26869959.404363513,0.016497139117826413,0.007,0.018096973055872587
1536,264248070.1116203,35751929.88892537,0.016497139117826413,0.007,0.017872315420489372
1537,243110574.5122946,56889425.48825109,0.016497139117826413,0.007,0.016416919867412203
1538,248054351.97923172,51945648.021313965,0.016497139117826413,0.007,0.01656406827110417
1539,257565983.8893392,42434016.11120647,0.016497139117826413,0.007,0.016278535171330096
1540,263414364.20069876,36585635.79984692,0.016497139117826413,0.007,0.01617147794876813
1541,245657953.5495485,54342046.450997174,0.016497139117826413,0.007,0.01621359720232569
1542,242502037.8562114,57497962.14433429,0.016497139117826413,0.007,0.017305130719807042
1543,226141808.3026311,73858191.69791457,0.016497139117826413,0.007,0.015526408654347495
1544,244849170.51267362,55150829.487872064,0.016497139117826413,0.007,0.017615342224679857
1545,260770409.92408872,39229590.076456964,0.016497139117826413,0.007,0.01621745258406788
1546,257847612.1389737,42152387.86157197,0.016497139117826413,0.007,0.01613873690981743
1547,247314713.2317728,52685286.76877287,0.016497139117826413,0.007,0.0167722737247899
1548,248575369.69028264,51424630.31026304,0.016497139117826413,0.007,0.01594080679605339
1549,239647669.3841271,60352330.61641857,0.016497139117826413,0.007,0.015856840207687604
1550,229755868.3707303,70244131.62981537,0.016497139117826413,0.007,0.015667147565734722
1551,236069281.7222908,63930718.27825487,0.016497139117826413,0.007,0.016005690427807126
1552,258188545.50858653,41811454.491959155,0.016497139117826413,0.007,0.016222303470394446
1553,243952954.61266968,56047045.387876004,0.016497139117826413,0.007,0.014316348980624994
1554,235188662.0769298,64811337.92361587,0.016497139117826413,0.007,0.015801676302822823
1555,255584340.99760166,44415659.00294402,0.016497139117826413,0.007,0.01732748917261501
1556,244857753.34215948,55142246.6583862,0.016497139117826413,0.007,0.015822522150797668
1557,249702072.2308138,50297927.76973188,0.016497139117826413,0.007,0.016469404143238477
1558,236190317.06666413,63809682.93388155,0.016497139117826413,0.007,0.01627726286504093
1559,239349676.25474548,60650323.7458002,0.016497139117826413,0.007,0.015414245202952767
1560,244268444.19847155,55731555.802074134,0.016497139117826413,0.007,0.01507843726825096
1561,248558273.87072927,51441726.12981641,0.016497139117826413,0.007,0.01748621035204496
1562,258151224.2374239,41848775.763121784,0.016497139117826413,0.007,0.016794269776225272
1563,233865914.06798717,66134085.93255851,0.016497139117826413,0.007,0.014816453112799752
1564,245274163.2664461,54725836.73409957,0.016497139117826413,0.007,0.016096680028735346
1565,264154300.65284777,35845699.34769791,0.016497139117826413,0.007,0.01787516705359252
1566,229632219.6295444,70367780.37100127,0.016497139117826413,0.007,0.015785256855696955
1567,272448365.97299,27551634.027555704,0.016497139117826413,0.007,0.016913076633215524
1568,251383808.90261838,48616191.0979273,0.016497139117826413,0.007,0.01619722115205434
1569,236294963.37950528,63705036.621040404,0.016497139117826413,0.007,0.017084001688397167
1570,252618408.35072136,47381591.64982432,0.016497139117826413,0.007,0.017075064228650145
1571,247683314.64194083,52316685.35860485,0.016497139117826413,0.007,0.01629448538452561
1572,247038850.26058435,52961149.739961326,0.016497139117826413,0.007,0.016677767086738213
1573,241096361.25548708,58903638.745058596,0.016497139117826413,0.007,0.015127843864767117
1574,263314709.16536584,36685290.835179836,0.016497139117826413,0.007,0.01806649990852012
1575,263130262.82088733,36869737.17965835,0.016497139117826413,0.007,0.016989303797595973
1576,270552224.84475106,29447775.15579462,0.016497139117826413,0.007,0.0166858360494845
1577,257466499.8213458,42533500.179199874,0.016497139117826413,0.007,0.016844182984419327
1578,242573022.20255184,57426977.79799384,0.016497139117826413,0.007,0.01688422051528306
1579,272556246.8125199,27443753.188025773,0.016497139117826413,0.007,0.01642097596163198
1580,272519487.8218474,27480512.1786983,0.016497139117826413,0.007,0.017669269362128842
1581,238821477.1027057,61178522.89783999,0.016497139117826413,0.007,0.015587275182356522
1582,266327334.01261607,33672665.98792961,0.016497139117826413,0.007,0.017372318176175936
1583,239334612.80172944,60665387.19881624,0.016497139117826413,0.007,0.016731774290882982
1584,254936751.14068696,45063248.85985872,0.016497139117826413,0.007,0.01575774803684981
1585,247153476.44742003,52846523.55312565,0.016497139117826413,0.007,0.015852288037850746
1586,251696514.21317187,48303485.78737381,0.016497139117826413,0.007,0.01613313335831941
1587,242066103.4076562,57933896.59288949,0.016497139117826413,0.007,0.016152283305570114
1588,231378472.60493842,68621527.39560726,0.016497139117826413,0.007,0.014873030516084436
1589,275323867.9059891,24975087.084113598,0.016497139117826413,0.007,0.017910464117167076
1590,255690736.24594527,44309263.754600406,0.016497139117826413,0.007,0.016994839536293833
1591,263809553.94232756,36190446.05821812,0.016497139117826413,0.007,0.018089000809414967
1592,256253779.89532635,43746220.105219334,0.016497139117826413,0.007,0.016400587793320567
1593,265615548.61967674,34384451.38086894,0.016497139117826413,0.007,0.016729581338950496
1594,273525483.3901018,26474516.61044389,0.016497139117826413,0.007,0.016534327530156816
1595,259324378.86384723,40675621.136698455,0.016497139117826413,0.007,0.015597733138910596
1596,255413837.7263162,44586162.27422947,0.016497139117826413,0.007,0.016360952412607856
1597,252580228.20262048,47419771.797925204,0.016497139117826413,0.007,0.015874460061102425
1598,247540218.32140952,52459781.67913616,0.016497139117826413,0.007,0.016492612928668302
1599,257162040.11360383,42837959.88694185,0.016497139117826413,0.007,0.017102011360274918
1600,231606130.25801316,68393869.74253252,0.016497139117826413,0.007,0.015762710488532443
1601,251284529.83381283,48715470.16673285,0.016497139117826413,0.007,0.017308778070834478
1602,240430136.8993671,59569863.10117859,0.016497139117826413,0.007,0.017075047840540647
1603,253832437.3011135,46167562.699432194,0.016497139117826413,0.007,0.015916168115036707
1604,244085596.1019745,55914403.89857119,0.016497139117826413,0.007,0.01664809118770566
1605,270268065.27748346,29731934.723062217,0.016497139117826413,0.007,0.016421489503617374
1606,261744481.61212522,38255518.38842046,0.016497139117826413,0.007,0.01704943713280009
1607,266154866.88196585,33845133.118579835,0.016497139117826413,0.007,0.01700761992395785
1608,246852555.97379994,53147444.02674574,0.016497139117826413,0.007,0.016301898199852758
1609,250548187.62452114,49451812.376024544,0.016497139117826413,0.007,0.01627468955010576
1610,265490964.824333,34509035.17621267,0.016497139117826413,0.007,0.017479504316850546
1611,260456656.7675265,39543343.23301917,0.016497139117826413,0.007,0.017070745544253536
1612,256424491.32425234,43575508.67629334,0.016497139117826413,0.007,0.01661530216193286
1613,256139445.12030226,43860554.88024342,0.016497139117826413,0.007,0.0172915571677198
1614,256936088.2170139,43063911.783531785,0.016497139117826413,0.007,0.015750069805136283
1615,255428207.71791756,44571792.28262812,0.016497139117826413,0.007,0.01697262567413021
1616,253448871.79632255,46551128.204223126,0.016497139117826413,0.007,0.016066690632070006
1617,259865277.14017683,40134722.86036885,0.016497139117826413,0.007,0.01685254545088366
1618,264103848.56451365,35896151.43603203,0.016497139117826413,0.007,0.01772699436775564
1619,254653486.11815298,45346513.882392704,0.016497139117826413,0.007,0.017079720833253275
1620,251052765.64284393,48947234.35770175,0.016497139117826413,0.007,0.01701028885115779
1621,251770934.99786177,48229065.00268391,0.016497139117826413,0.007,0.016717172177024783
1622,246948729.6260428,53051270.37450287,0.016497139117826413,0.007,0.017424061748401855
1623,240374193.68041465,59625806.32013103,0.016497139117826413,0.007,0.01714893667113347
1624,263469621.16539276,36530378.835152924,0.016497139117826413,0.007,0.016544394111906197
1625,260318128.22945037,39681871.771095306,0.016497139117826413,0.007,0.01672742688110835
1626,266281101.57492414,33718898.42562154,0.016497139117826413,0.007,0.0168354242660846
1627,251800101.63105106,48199898.36949462,0.016497139117826413,0.007,0.015590863850926189
1628,255136940.44190872,44863059.55863696,0.016497139117826413,0.007,0.017958012212296166
1629,239993404.26920247,60006595.73134321,0.016497139117826413,0.007,0.016399685891317017
1630,234714333.46152806,65285666.53901762,0.016497139117826413,0.007,0.017773635305937847
1631,216451156.2749791,83548843.72556657,0.016497139117826413,0.007,0.014613220647224558
1632,266678543.59127018,33321456.409275502,0.016497139117826413,0.007,0.01635072825158968
1633,231460108.87936297,68539891.12118271,0.016497139117826413,0.007,0.017008453429255103
1634,240390613.59846106,59609386.40208462,0.016497139117826413,0.007,0.015929587576714713
1635,268030809.16723073,31969190.833314955,0.016497139117826413,0.007,0.01626504601233663
1636,229697388.31305453,70302611.68749115,0.016497139117826413,0.007,0.014858874568669966
1637,242689860.0945029,57310139.906042784,0.016497139117826413,0.007,0.016967317761278664
1638,270896808.57066405,29103191.429881632,0.016497139117826413,0.007,0.016767200243812997
1639,280595707.80055296,24569560.938339412,0.016497139117826413,0.007,0.017469514468580194
1640,255636343.73549783,44363656.26504785,0.016497139117826413,0.007,0.015980037217669513
1641,254811154.9499065,45188845.05063918,0.016497139117826413,0.007,0.016316492162111253
1642,223566315.36283672,76433684.63770896,0.016497139117826413,0.007,0.015332746027300238
1643,237538213.3243014,62461786.67624429,0.016497139117826413,0.007,0.017004250336358107
1644,240836342.8010767,59163657.19946897,0.016497139117826413,0.007,0.017651604677063972
1645,261549476.3395611,38450523.660984576,0.016497139117826413,0.007,0.016220779906605406
1646,260467242.6688596,39532757.33168608,0.016497139117826413,0.007,0.016672099463631965
1647,254536596.803905,45463403.19664067,0.016497139117826413,0.007,0.015572879330584056
1648,259877126.62224004,40122873.378305644,0.016497139117826413,0.007,0.017140425606110413
1649,243418072.304878,56581927.695667684,0.016497139117826413,0.007,0.016465150541185383
1650,248654929.42534366,51345070.57520202,0.016497139117826413,0.007,0.01674510126005083
1651,237689957.3522237,62310042.648321986,0.016497139117826413,0.007,0.01637051850731194
1652,253905579.1201437,46094420.88040197,0.016497139117826413,0.007,0.017110431523561793
1653,258780290.28826857,41219709.712277114,0.016497139117826413,0.007,0.016758662781458777
1654,246060768.9667762,53939231.03376949,0.016497139117826413,0.007,0.016035139752595955
1655,251699491.84240815,48300508.15813753,0.016497139117826413,0.007,0.016776846632810198
1656,249572422.46690285,50427577.53364283,0.016497139117826413,0.007,0.017159994018999997
1657,267853703.92073882,32146296.079806864,0.016497139117826413,0.007,0.01756802713380054
1658,273366867.8368575,26633132.163688183,0.016497139117826413,0.007,0.016653688506000304
1659,267687805.2256126,32312194.77493307,0.016497139117826413,0.007,0.017043170448390165
1660,236452748.980609,63547251.01993668,0.016497139117826413,0.007,0.017183213978263192
1661,264425876.91933843,35574123.081207246,0.016497139117826413,0.007,0.018533540779768945
1662,256778390.00160193,43221609.998943746,0.016497139117826413,0.007,0.016798341700730045
1663,249839922.63731456,50160077.36323112,0.016497139117826413,0.007,0.016446007340591817
1664,236355098.56927848,63644901.4312672,0.016497139117826413,0.007,0.016332779330123427
1665,269852949.1687851,30147050.831760585,0.016497139117826413,0.007,0.01667895996638945
1666,247069910.0070171,52930089.993528575,0.016497139117826413,0.007,0.018105495091634526
1667,268325675.7123958,31674324.288149893,0.016497139117826413,0.007,0.018053865078878097
1668,260688316.80988818,39311683.1906575,0.016497139117826413,0.007,0.01568205920517137
1669,235114098.6549751,64885901.345570594,0.016497139117826413,0.007,0.01576419422256933
1670,233318452.59978786,66681547.40075782,0.016497139117826413,0.007,0.01606402224397384
1671,231509571.85623085,68490428.14431483,0.016497139117826413,0.007,0.015361098834798165
1672,273560447.097122,26439552.903423667,0.016497139117826413,0.007,0.016802023091211635
1673,260062750.29710528,39937249.7034404,0.016497139117826413,0.007,0.015991663220909492
1674,270337845.8190719,29662154.18147379,0.016497139117826413,0.007,0.016328648457447883
1675,274982659.2298496,25017340.770696104,0.016497139117826413,0.007,0.016760055002679842
1676,240810396.0661029,59189603.93444279,0.016497139117826413,0.007,0.01535780144076998
1677,252410913.99830747,47589086.002238214,0.016497139117826413,0.007,0.01734919027978368
1678,271608270.02431256,28391729.976233125,0.016497139117826413,0.007,0.01769141623115535
1679,252795686.94863653,47204313.05190915,0.016497139117826413,0.007,0.01761016223832907
1680,258735933.67976418,41264066.3207815,0.016497139117826413,0.007,0.016455831450224456
1681,269701953.9520835,30298046.048462152,0.016497139117826413,0.007,0.018284604700090273
1682,246887692.83107343,53112307.16947225,0.016497139117826413,0.007,0.016430703303931815
1683,260377992.95748112,39622007.043064564,0.016497139117826413,0.007,0.016520862670407303
1684,257749917.74275276,42250082.25779292,0.016497139117826413,0.007,0.01653768213632872
1685,282291366.12266916,24439125.68337792,0.016497139117826413,0.007,0.017951988012077282
1686,258822666.11133075,41177333.88921493,0.016497139117826413,0.007,0.015268672545350496
1687,247084068.02773237,52915931.97281331,0.016497139117826413,0.007,0.015916497404087102
1688,267259994.35272175,32740005.64782393,0.016497139117826413,0.007,0.017158984425243867
1689,251912853.76019865,48087146.24034703,0.016497139117826413,0.007,0.016486623140222614
1690,243829724.11494207,56170275.88560361,0.016497139117826413,0.007,0.015254798757123846
1691,277028353.9593722,24843972.772418797,0.016497139117826413,0.007,0.0183604039276682
1692,258480474.5705045,41519525.430041194,0.016497139117826413,0.007,0.017467212338982806
1693,246762081.5975771,53237918.402968585,0.016497139117826413,0.007,0.01709824527271291
1694,267518250.20004326,32481749.80050242,0.016497139117826413,0.007,0.01733030853905964
1695,255743218.4120712,44256781.58847448,0.016497139117826413,0.007,0.01621461373219941
1696,241650094.77505007,58349905.22549561,0.016497139117826413,0.007,0.017429015927542885
1697,226165333.87174413,73834666.12880155,0.016497139117826413,0.007,0.01562690204498828
1698,246987086.0073526,53012913.99319309,0.016497139117826413,0.007,0.01669153556386876
1699,248667020.6241869,51332979.37635878,0.016497139117826413,0.007,0.015244678722279092
1700,239475681.6380124,60524318.36253327,0.016497139117826413,0.007,0.015833339994992566
1701,247623805.2036463,52376194.79689938,0.016497139117826413,0.007,0.017817799296323846
1702,231717709.07289422,68282290.92765146,0.016497139117826413,0.007,0.01610087721055387
1703,263536442.01511508,36463557.9854306,0.016497139117826413,0.007,0.015600803178999246
1704,253746709.3367922,46253290.66375348,0.016497139117826413,0.007,0.018408533085345423
1705,241332366.20393163,58667633.79661405,0.016497139117826413,0.007,0.015735874738739136
1706,241088161.173376,58911838.82716969,0.016497139117826413,0.007,0.015972743428785605
1707,263242465.00482455,36757534.99572113,0.016497139117826413,0.007,0.0169509933523743
1708,261998601.52526414,38001398.47528154,0.016497139117826413,0.007,0.015122046837758482
1709,269122124.15702695,30877875.843518734,0.016497139117826413,0.007,0.016160930671722494
1710,265031585.70025703,34968414.30028865,0.016497139117826413,0.007,0.016783484812760492
1711,266181476.05538416,33818523.94516152,0.016497139117826413,0.007,0.017616508719377304
1712,244209745.4123597,55790254.588185966,0.016497139117826413,0.007,0.016326590303559898
1713,250294699.9467311,49705300.05381459,0.016497139117826413,0.007,0.015980788917599614
1714,244931049.94256416,55068950.05798152,0.016497139117826413,0.007,0.01765880353891452
1715,242136639.09076068,57863360.909785,0.016497139117826413,0.007,0.016828508304422535
1716,261946502.35921913,38053497.64132655,0.016497139117826413,0.007,0.017457976540909644
1717,239198741.74928704,60801258.25125864,0.016497139117826413,0.007,0.016307381725587853
1718,243861627.85617936,56138372.144366324,0.016497139117826413,0.007,0.016929695950125032
1719,258693724.64215904,41306275.358386636,0.016497139117826413,0.007,0.01704988186314445
1720,242979184.9751133,57020815.02543238,0.016497139117826413,0.007,0.01603950162211941
1721,250036434.10060275,49963565.899942935,0.016497139117826413,0.007,0.01557065659318081
1722,241347545.09556696,58652454.90497872,0.016497139117826413,0.007,0.015430080613277527
1723,238219984.16801926,61780015.832526416,0.016497139117826413,0.007,0.0161307220913142
1724,216659461.6060363,83340538.39450938,0.016497139117826413,0.007,0.014781369883018753
1725,244957030.49957907,55042969.50096661,0.016497139117826413,0.007,0.016199154303157746
1726,251506611.45869625,48493388.541849434,0.016497139117826413,0.007,0.01617648000028409
1727,246635378.3024423,53364621.69810337,0.016497139117826413,0.007,0.0166359310945061
1728,258137629.17175642,41862370.828789264,0.016497139117826413,0.007,0.015984756601032376
1729,259454526.26241246,40545473.73813322,0.016497139117826413,0.007,0.016386663554625376
1730,266363801.71161833,33636198.28892735,0.016497139117826413,0.007,0.016426692707793792
1731,247005513.69195324,52994486.30859244,0.016497139117826413,0.007,0.017005536292572426
1732,257289664.62280303,42710335.37774265,0.016497139117826413,0.007,0.015476227456658878
1733,256220609.81753147,43779390.183014214,0.016497139117826413,0.007,0.017623459458257464
1734,257934127.8456602,42065872.15488547,0.016497139117826413,0.007,0.017822621462406592
1735,261343946.04944578,38656053.9510999,0.016497139117826413,0.007,0.017540616254452628
1736,255243112.77481782,44756887.225727856,0.016497139117826413,0.007,0.016781432222999666
1737,237778130.3882301,62221869.612315595,0.016497139117826413,0.007,0.01578307636498036
1738,266008868.40815622,33991131.592389464,0.016497139117826413,0.007,0.01719014553036057
1739,244031243.49198738,55968756.5085583,0.016497139117826413,0.007,0.015197749660225664
1740,239773448.7647773,60226551.23576838,0.016497139117826413,0.007,0.016132559574562017
1741,250409446.32940614,49590553.67113954,0.016497139117826413,0.007,0.015308799385752024
1742,236090097.61788297,63909902.38266271,0.016497139117826413,0.007,0.015970557946987176
1743,247485425.52219856,52514574.47834712,0.016497139117826413,0.007,0.016307226722338336
1744,221636901.8894352,78363098.11111048,0.016497139117826413,0.007,0.01575667701018104
1745,255067347.69936663,44932652.30117905,0.016497139117826413,0.007,0.017632627011796066
1746,281052262.4548664,24534441.34909892,0.016497139117826413,0.007,0.01720710171359261
1747,222823761.59330946,77176238.40723622,0.016497139117826413,0.007,0.01489855106666044
1748,254111463.09357548,45888536.9069702,0.016497139117826413,0.007,0.01625185733528188
1749,237202030.0641936,62797969.936352074,0.016497139117826413,0.007,0.014863444419843979
1750,253629050.79362765,46370949.20691803,0.016497139117826413,0.007,0.017212994408451646
1751,257801069.95252782,42198930.04801786,0.016497139117826413,0.007,0.01695373457342083
1752,277821538.9047738,24782958.546146393,0.016497139117826413,0.007,0.018111011379115433
1753,239061564.18339124,60938435.81715444,0.016497139117826413,0.007,0.016896176168045632
1754,277420078.1353258,24813840.1437999,0.016497139117826413,0.007,0.01769872331762948
1755,247963751.03856173,52036248.96198395,0.016497139117826413,0.007,0.016949100154823517
1756,252817173.68313193,47182826.31741375,0.016497139117826413,0.007,0.015453232014839037
1757,232320380.35960975,67679619.64093593,0.016497139117826413,0.007,0.0158232535590211
1758,241230896.57461515,58769103.42593053,0.016497139117826413,0.007,0.01633922308358382
1759,258978436.5417876,41021563.458758086,0.016497139117826413,0.007,0.0173061772684354
1760,258500200.17133513,41499799.82921055,0.016497139117826413,0.007,0.015391381832451598
1761,258672098.70391858,41327901.296627104,0.016497139117826413,0.007,0.015941793257195976
1762,241653628.47713596,58346371.523409724,0.016497139117826413,0.007,0.016334005111436872
1763,265084855.4320673,34915144.568478376,0.016497139117826413,0.007,0.017928997047509866
1764,240199866.01170897,59800133.988836706,0.016497139117826413,0.007,0.01443696041329542
1765,237166749.58501577,62833250.41552991,0.016497139117826413,0.007,0.016955275109828638
1766,247326327.55182105,52673672.44872463,0.016497139117826413,0.007,0.017858631463390836
1767,252586264.93774077,47413735.06280491,0.016497139117826413,0.007,0.01789072522101715
1768,239301457.55109286,60698542.44945282,0.016497139117826413,0.007,0.01564052609309016
1769,259472749.9517284,40527250.04881728,0.016497139117826413,0.007,0.01638194169922496
1770,257570142.01570135,42429857.98484433,0.016497139117826413,0.007,0.016529508323363886
1771,254355536.09320965,45644463.90733603,0.016497139117826413,0.007,0.016376599869912058
1772,271622383.5975699,28377616.402975798,0.016497139117826413,0.007,0.016911214842513383
1773,242560127.43334442,57439872.56720126,0.016497139117826413,0.007,0.017437857334195193
1774,224774750.56179258,75225249.4387531,0.016497139117826413,0.007,0.015406433133534804
1775,225387211.56773558,74612788.4328101,0.016497139117826413,0.007,0.015720767316023437
1776,254442268.44689152,45557731.553654164,0.016497139117826413,0.007,0.01558167634774369
1777,268726736.59423965,31273263.40630603,0.016497139117826413,0.007,0.016236201095395024
1778,223830641.03358307,76169358.9669626,0.016497139117826413,0.007,0.01593199578308588
1779,249582338.91673028,50417661.083815396,0.016497139117826413,0.007,0.016096311372018144
1780,264308685.85336232,35691314.14718336,0.016497139117826413,0.007,0.01676347182506144
1781,259230519.73367125,40769480.26687443,0.016497139117826413,0.007,0.01840919902731973
1782,242366240.5134297,57633759.48711598,0.016497139117826413,0.007,0.015217355593658045
1783,254444862.94560915,45555137.05493653,0.016497139117826413,0.007,0.016805990916104324
1784,250983709.14561445,49016290.854931235,0.016497139117826413,0.007,0.016283580684447588
1785,263101820.06191465,36898179.93863103,0.016497139117826413,0.007,0.016223535002405514
1786,271566814.32392687,28433185.676618814,0.016497139117826413,0.007,0.017382926725817493
1787,269721439.97175884,30278560.028786838,0.016497139117826413,0.007,0.01728229138601091
1788,237895333.93513352,62104666.065412164,0.016497139117826413,0.007,0.01651408153595413
1789,227887546.33936545,72112453.66118023,0.016497139117826413,0.007,0.015955935033251385
1790,268709336.29349536,31290663.707050323,0.016497139117826413,0.007,0.016437247593236896
1791,253164597.75676623,46835402.24377945,0.016497139117826413,0.007,0.015804927991203026
1792,255675241.212937,44324758.78760868,0.016497139117826413,0.007,0.016254745148367868
1793,272343842.384816,27656157.61572969,0.016497139117826413,0.007,0.01755691321761866
1794,248584768.08870232,51415231.91184336,0.016497139117826413,0.007,0.01613313948534294
1795,252197249.75850955,47802750.242036134,0.016497139117826413,0.007,0.01660710804937233
1796,266185050.8979244,33814949.10262129,0.016497139117826413,0.007,0.017087961993031007
1797,248844220.20152614,51155779.799019545,0.016497139117826413,0.007,0.01620614135653303
1798,273330334.6723167,26669665.32822901,0.016497139117826413,0.007,0.017166450698627246
1799,259981288.03979808,40018711.9607476,0.016497139117826413,0.007,0.01795439599828012
1800,260438576.20028844,39561423.800257236,0.016497139117826413,0.007,0.017617970631015584
1801,272560163.2752193,27439836.72532636,0.016497139117826413,0.007,0.01737036252945182
1802,241193158.93735844,58806841.06318724,0.016497139117826413,0.007,0.016088824651882903
1803,249399036.08885527,50600963.911690414,0.016497139117826413,0.007,0.015684855627107374
1804,276530956.73173606,24882234.097125888,0.016497139117826413,0.007,0.017772046657672184
1805,251221614.04794478,48778385.9526009,0.016497139117826413,0.007,0.01626402440169843
1806,237727073.93009764,62272926.07044804,0.016497139117826413,0.007,0.015576548434097186
1807,260488588.80519748,39511411.1953482,0.016497139117826413,0.007,0.01798512425726867
1808,254727713.06197658,45272286.9385691,0.016497139117826413,0.007,0.015271874631823681
1809,233939847.19365728,66060152.8068884,0.016497139117826413,0.007,0.01700751836484243
1810,257840978.74363968,42159021.256906,0.016497139117826413,0.007,0.015694822210429307
1811,241364181.05058396,58635818.94996172,0.016497139117826413,0.007,0.014412091112221184
1812,252523282.47277236,47476717.52777332,0.016497139117826413,0.007,0.01603881929863648
1813,266813528.3161648,33186471.68438089,0.016497139117826413,0.007,0.016582531362247667
1814,247786800.94635025,52213199.054195434,0.016497139117826413,0.007,0.01760325593244076
1815,231946803.08253503,68053196.91801065,0.016497139117826413,0.007,0.015501747609423739
1816,249284654.08795536,50715345.912590325,0.016497139117826413,0.007,0.015739766723988236
1817,246694924.4163664,53305075.58417928,0.016497139117826413,0.007,0.015465464090444367
1818,256961776.13012934,43038223.87041634,0.016497139117826413,0.007,0.017516942057379768
1819,247964144.63188517,52035855.36866051,0.016497139117826413,0.007,0.01634503389431393
1820,254075419.78058955,45924580.21995613,0.016497139117826413,0.007,0.017107477726861046
1821,236516651.97736943,63483348.02317625,0.016497139117826413,0.007,0.015850898101042846
1822,250875336.65887082,49124663.341674864,0.016497139117826413,0.007,0.016909488230707027
1823,257346465.14698717,42653534.85355851,0.016497139117826413,0.007,0.017080575751265547
1824,262719525.5182285,37280474.48231718,0.016497139117826413,0.007,0.017098567276933856
1825,262331525.5625231,37668474.43802258,0.016497139117826413,0.007,0.01572041877635172
1826,226051754.93161762,73948245.06892806,0.016497139117826413,0.007,0.015899803954050083
1827,244749334.02618137,55250665.97436431,0.016497139117826413,0.007,0.016619565710526783
1828,256028914.79987445,43971085.200671226,0.016497139117826413,0.007,0.017770087807699095
1829,257308726.69476458,42691273.305781096,0.016497139117826413,0.007,0.016990955314361546
1830,250690526.12455994,49309473.87598574,0.016497139117826413,0.007,0.016204230819261027
1831,266285854.06472433,33714145.935821354,0.016497139117826413,0.007,0.016732773551784798
1832,248574526.39123988,51425473.6093058,0.016497139117826413,0.007,0.01579065910343095
1833,262009516.21284926,37990483.78769642,0.016497139117826413,0.007,0.017282866570136102
1834,251496326.04963157,48503673.950914115,0.016497139117826413,0.007,0.015315587978207531
1835,278235882.0901351,24751085.993179083,0.016497139117826413,0.007,0.017616495352712022
1836,253475379.30543977,46524620.69510591,0.016497139117826413,0.007,0.01818544640395454
1837,259451829.9454207,40548170.05512497,0.016497139117826413,0.007,0.016794381394382385
1838,240681225.73681837,59318774.26372731,0.016497139117826413,0.007,0.017061247217478984
1839,252215529.10006404,47784470.90048164,0.016497139117826413,0.007,0.016355815566945524
1840,231079685.71927205,68920314.28127363,0.016497139117826413,0.007,0.015981574784129322
1841,240335365.83853242,59664634.16201326,0.016497139117826413,0.007,0.01662563232792673
1842,256660476.54382345,43339523.45672223,0.016497139117826413,0.007,0.015705255578439648
1843,261725509.25578094,38274490.744764745,0.016497139117826413,0.007,0.016225082559783544
1844,237575220.41773915,62424779.58280653,0.016497139117826413,0.007,0.016503776060863715
1845,250732423.95250723,49267576.04803845,0.016497139117826413,0.007,0.016753070056925275
1846,251839348.9366765,48160651.06386918,0.016497139117826413,0.007,0.017163195173353123
1847,233679057.84802365,66320942.15252203,0.016497139117826413,0.007,0.01568242506550963
1848,269648808.9893541,30351191.011191607,0.016497139117826413,0.007,0.01728707658340669
1849,250591569.7206527,49408430.27989298,0.016497139117826413,0.007,0.016767422732061187
1850,258138295.7355734,41861704.26497227,0.016497139117826413,0.007,0.0170350165272691
1851,263135945.5038603,36864054.496685386,0.016497139117826413,0.007,0.017589671580357166
1852,261209909.35950118,38790090.6410445,0.016497139117826413,0.007,0.017593792229288332
1853,245703795.53095758,54296204.4695881,0.016497139117826413,0.007,0.017392023056557595
1854,256737549.4710846,43262450.529461086,0.016497139117826413,0.007,0.01658271340613618
1855,270674295.11220497,29325704.88834071,0.016497139117826413,0.007,0.017936393038828886
1856,243384261.2923839,56615738.70816177,0.016497139117826413,0.007,0.01674885628816618
1857,254961331.8624963,45038668.138049394,0.016497139117826413,0.007,0.018102360438221162
1858,264256264.45679662,35743735.543749064,0.016497139117826413,0.007,0.017040168990012285
1859,260362498.80011818,39637501.2004275,0.016497139117826413,0.007,0.016907320697758924
1860,261935272.82416406,38064727.17638162,0.016497139117826413,0.007,0.0169323516581045
1861,254739426.95961592,45260573.040929765,0.016497139117826413,0.007,0.01702017522074843
1862,247865733.92119348,52134266.0793522,0.016497139117826413,0.007,0.01677716882189029
1863,231481267.20176983,68518732.79877585,0.016497139117826413,0.007,0.015996650858161553
1864,236712926.9751569,63287073.02538878,0.016497139117826413,0.007,0.014890475429224429
1865,219485764.80851626,80514235.19202942,0.016497139117826413,0.007,0.015027589402132113
1866,240429289.91810462,59570710.08244106,0.016497139117826413,0.007,0.015829649448615094
1867,252851166.00079417,47148833.99975151,0.016497139117826413,0.007,0.016584205758714003
1868,264854014.8582583,35145985.14228737,0.016497139117826413,0.007,0.016635504758013966
1869,236269076.00939056,63730923.99115512,0.016497139117826413,0.007,0.015317648451831126
1870,237733615.25384665,62266384.746699035,0.016497139117826413,0.007,0.01658516651353975
1871,235330295.503724,64669704.49682167,0.016497139117826413,0.007,0.015058037774631716
1872,266675271.40695402,33324728.59359166,0.016497139117826413,0.007,0.016687640513629084
1873,263448552.05500537,36551447.94554031,0.016497139117826413,0.007,0.01618347784588924
1874,234527896.7771228,65472103.223422885,0.016497139117826413,0.007,0.016060747373397462
1875,261106193.3501307,38893806.65041497,0.016497139117826413,0.007,0.01581683238221918
1876,243561226.93596798,56438773.0645777,0.016497139117826413,0.007,0.016007676723308
1877,256720216.02109405,43279783.97945163,0.016497139117826413,0.007,0.017718763457345656
1878,235359080.5607565,64640919.439789176,0.016497139117826413,0.007,0.015479790621695322
1879,247341901.8189294,52658098.18161628,0.016497139117826413,0.007,0.015071362149049524
1880,268714133.0733589,31285866.927186787,0.016497139117826413,0.007,0.016500898800709204
1881,247724696.42796317,52275303.57258251,0.016497139117826413,0.007,0.01769371224744685
1882,245940450.12549317,54059549.87505251,0.016497139117826413,0.007,0.016287939726401128
1883,255289006.4423011,44710993.558244586,0.016497139117826413,0.007,0.01615672632361938
1884,230349534.0442453,69650465.95630038,0.016497139117826413,0.007,0.01630222604102046
1885,263084508.29344416,36915491.707101524,0.016497139117826413,0.007,0.017408492993144543
1886,266008165.06481105,33991834.93573463,0.016497139117826413,0.007,0.01822499910511318
1887,243652198.99709797,56347801.00344771,0.016497139117826413,0.007,0.0158269454406477
1888,259604309.6284277,40395690.37211797,0.016497139117826413,0.007,0.015679844162324753
1889,252889856.50684118,47110143.4937045,0.016497139117826413,0.007,0.016644952523749087
1890,242695386.89525318,57304613.1052925,0.016497139117826413,0.007,0.017466642966992966
1891,252559332.13739944,47440667.863146245,0.016497139117826413,0.007,0.01625573275162635
1892,253807302.1012694,46192697.89927629,0.016497139117826413,0.007,0.01557998225503077
1893,269227196.4404982,30772803.560047507,0.016497139117826413,0.007,0.016147366663757195
1894,247714136.58310032,52285863.41744536,0.016497139117826413,0.007,0.016908059638273097
1895,267481836.59353063,32518163.407015055,0.016497139117826413,0.007,0.017344785525527717
1896,249320240.16420642,50679759.836339265,0.016497139117826413,0.007,0.015098287494471452
1897,247380400.6045779,52619599.39596778,0.016497139117826413,0.007,0.015931921998411373
1898,257533924.05475685,42466075.94578883,0.016497139117826413,0.007,0.015831638696895543
1899,262678643.19445813,37321356.80608755,0.016497139117826413,0.007,0.01628192528765513
1900,238478154.72831717,61521845.27222851,0.016497139117826413,0.007,0.01622967181143166
1901,261632176.0605711,38367823.939974576,0.016497139117826413,0.007,0.017141176105083724
1902,246199096.91500497,53800903.08554071,0.016497139117826413,0.007,0.015019686667540664
1903,243173894.95228288,56826105.048262805,0.016497139117826413,0.007,0.015951821963394685
1904,239118100.0570962,60881899.94344947,0.016497139117826413,0.007,0.01671057344533853
1905,256787889.88920614,43212110.11133954,0.016497139117826413,0.007,0.017139361781415625
1906,281993259.96524036,24462056.92609316,0.016497139117826413,0.007,0.018555914472102954
1907,263892344.82344624,36107655.17709944,0.016497139117826413,0.007,0.017654363708572963
1908,233286916.9541292,66713083.04641649,0.016497139117826413,0.007,0.01586048457699207
1909,259103510.68849292,40896489.31205276,0.016497139117826413,0.007,0.015788086854046323
1910,253885179.26637727,46114820.73416841,0.016497139117826413,0.007,0.01654468288440308
1911,269418278.2145399,30581721.786005795,0.016497139117826413,0.007,0.017433276709867152
1912,268016211.715791,31983788.284754694,0.016497139117826413,0.007,0.01614260508221127
1913,241173308.96346614,58826691.03707954,0.016497139117826413,0.007,0.01571571707392523
1914,255805753.80106804,44194246.19947764,0.016497139117826413,0.007,0.01631534585706175
1915,254504102.2735411,45495897.72700459,0.016497139117826413,0.007,0.016618498764590536
1916,261094222.19564635,38905777.804899335,0.016497139117826413,0.007,0.017528639271991366
1917,260241335.820683,39758664.17986268,0.016497139117826413,0.007,0.017008116769193893
1918,248811416.04446518,51188583.9560805,0.016497139117826413,0.007,0.016658992012444543
1919,256543736.32373577,43456263.67680991,0.016497139117826413,0.007,0.017386549590930778
1920,254706111.60919577,45293888.39134991,0.016497139117826413,0.007,0.018147421509387508
1921,257375927.18522978,42624072.8153159,0.016497139117826413,0.007,0.015991116055121147
1922,266647643.42518494,33352356.575360745,0.016497139117826413,0.007,0.016096534794302113
1923,232599084.53624606,67400915.46429962,0.016497139117826413,0.007,0.015280411491621548
1924,247028540.78409606,52971459.21644962,0.016497139117826413,0.007,0.0159695564681091
1925,254143207.67587796,45856792.32466772,0.016497139117826413,0.007,0.016550811335195276
1926,252052518.7851355,47947481.21541017,0.016497139117826413,0.007,0.015842784603908665
1927,244028500.64268866,55971499.35785702,0.016497139117826413,0.007,0.016050013276183335
1928,227544422.16579834,72455577.83474734,0.016497139117826413,0.007,0.016414150560246348
1929,236614588.89671475,63385411.10383093,0.016497139117826413,0.007,0.015105070069833465
1930,251130284.31483305,48869715.685712636,0.016497139117826413,0.007,0.016543985626027265
1931,233520030.3556682,66479969.64487749,0.016497139117826413,0.007,0.015395593425080692
1932,245691724.92766592,54308275.07287976,0.016497139117826413,0.007,0.017634886112662753
1933,244139105.29990155,55860894.700644135,0.016497139117826413,0.007,0.01666688835707071
1934,263839127.88796782,36160872.112577856,0.016497139117826413,0.007,0.016393822184430466
1935,245683035.50954705,54316964.490998626,0.016497139117826413,0.007,0.01698755948911396
1936,258674045.1371183,41325954.86342737,0.016497139117826413,0.007,0.017942731101231745
1937,252973821.607081,47026178.393464684,0.016497139117826413,0.007,0.016636095762086495
1938,283341763.53085345,24358325.88259369,0.016497139117826413,0.007,0.017410528800403165
1939,261380342.0030646,38619657.99748108,0.016497139117826413,0.007,0.01605194569583332
1940,245155254.97713462,54844745.023411065,0.016497139117826413,0.007,0.016030337751101662
1941,269727953.7942431,30272046.206302583,0.016497139117826413,0.007,0.016673072543667494
1942,247082485.1938367,52917514.80670899,0.016497139117826413,0.007,0.016228439076085312
1943,236474804.70484102,63525195.29570466,0.016497139117826413,0.007,0.0167813121976613
1944,243224135.26978388,56775864.730761796,0.016497139117826413,0.007,0.016436955227013203
1945,258863216.26130342,41136783.739242256,0.016497139117826413,0.007,0.016494163774655304
1946,263778092.16398165,36221907.836564034,0.016497139117826413,0.007,0.015178268834836505
1947,251775416.38623068,48224583.614315,0.016497139117826413,0.007,0.017064832965172066
1948,250404737.1123901,49595262.88815558,0.016497139117826413,0.007,0.015343949380607111
1949,251500941.1504685,48499058.85007718,0.016497139117826413,0.007,0.017144786414192613
1950,258296761.10668674,41703238.89385894,0.016497139117826413,0.007,0.016036072981501923
1951,255506161.12599957,44493838.87454611,0.016497139117826413,0.007,0.01656863236275092
1952,243569549.97656938,56430450.023976296,0.016497139117826413,0.007,0.016243867586680664
1953,241795386.27891824,58204613.721627444,0.016497139117826413,0.007,0.01605522900633284
1954,243052596.17303792,56947403.827507764,0.016497139117826413,0.007,0.016055940788080834
1955,228521617.14104912,71478382.85949656,0.016497139117826413,0.007,0.016136770043579975
1956,275051321.48646873,24996052.193703473,0.016497139117826413,0.007,0.01673948757943552
1957,270980990.4847726,29019009.515773058,0.016497139117826413,0.007,0.01639375906944496
1958,247402201.3681657,52597798.63237998,0.016497139117826413,0.007,0.017157328420106296
1959,279072454.88026005,24686734.24024123,0.016497139117826413,0.007,0.01814851877964108
1960,246244990.771538,53755009.22900769,0.016497139117826413,0.007,0.015521794154188345
1961,254584790.9177396,45415209.08280608,0.016497139117826413,0.007,0.01565887071034115
1962,267330452.87165332,32669547.128892362,0.016497139117826413,0.007,0.01750732990988217
1963,256124842.30866495,43875157.69188073,0.016497139117826413,0.007,0.016482375661436156
1964,251520395.3578062,48479604.642739475,0.016497139117826413,0.007,0.015943074505132195
1965,250498696.06835577,49501303.93218991,0.016497139117826413,0.007,0.01711567633152276
1966,263610652.32787782,36389347.67266786,0.016497139117826413,0.007,0.015484807223616285
1967,273545863.63220257,26454136.368343115,0.016497139117826413,0.007,0.01724691717831481
1968,230746528.0994023,69253471.90114337,0.016497139117826413,0.007,0.01653040638429244
1969,278049547.84489983,24765419.396565795,0.016497139117826413,0.007,0.017256574297865743
1970,259654269.25148714,40345730.749058545,0.016497139117826413,0.007,0.0168820181262723
1971,261447769.15809703,38552230.84244865,0.016497139117826413,0.007,0.016657024170023616
1972,260520837.69545782,39479162.305087864,0.016497139117826413,0.007,0.016033225455055866
1973,259189759.93127725,40810240.069268435,0.016497139117826413,0.007,0.017469515592926938
1974,230444713.28489572,69555286.71564996,0.016497139117826413,0.007,0.015409494028973215
1975,250632510.25842166,49367489.74212402,0.016497139117826413,0.007,0.01662821645828406
1976,259885282.57069942,40114717.42984626,0.016497139117826413,0.007,0.017528055174405414
1977,260121505.48060906,39878494.51993662,0.016497139117826413,0.007,0.017227816432408307
1978,247527845.50518075,52472154.495364934,0.016497139117826413,0.007,0.015976394582575385
1979,248399782.9954302,51600217.00511548,0.016497139117826413,0.007,0.0177195397975297
1980,266525996.22257888,33474003.777966797,0.016497139117826413,0.007,0.01670992417803858
1981,286959019.24529123,24080075.442548275,0.016497139117826413,0.007,0.01819428547135603
1982,239995662.86823365,60004337.13231203,0.016497139117826413,0.007,0.018368654891257306
1983,253081620.11828882,46918379.882256866,0.016497139117826413,0.007,0.0171442475650446
1984,264973591.52209407,35026408.47845161,0.016497139117826413,0.007,0.017743877332436563
1985,236730048.66741925,63269951.333126426,0.016497139117826413,0.007,0.015803032253953953
1986,286808275.71364343,24091671.09896213,0.016497139117826413,0.007,0.01743052840753329
1987,242614809.18404675,57385190.816498935,0.016497139117826413,0.007,0.016351771472269263
1988,253679252.04487932,46320747.95566636,0.016497139117826413,0.007,0.01671698032999858
1989,243888752.70926225,56111247.29128343,0.016497139117826413,0.007,0.01642946848557433
1990,255872914.352121,44127085.648424685,0.016497139117826413,0.007,0.015873910154687476
1991,235260585.95300028,64739414.0475454,0.016497139117826413,0.007,0.017575494972512287
1992,240721933.37357426,59278066.62697142,0.016497139117826413,0.007,0.015524819022141
1993,262774862.32186413,37225137.67868155,0.016497139117826413,0.007,0.01673946035289259
1994,243731642.14705196,56268357.85349372,0.016497139117826413,0.007,0.016826430941795957
1995,233306414.454941,66693585.545604676,0.016497139117826413,0.007,0.01515208413196205
1996,266305174.7676993,33694825.23284638,0.016497139117826413,0.007,0.015858176495921836
1997,259903173.6743438,40096826.326201886,0.016497139117826413,0.007,0.017229516494534924
1998,247481471.6471202,52518528.35342547,0.016497139117826413,0.007,0.0179920008362455
1999,238467788.47597042,61532211.52457526,0.016497139117826413,0.007,0.016862997790962196
2000,252011653.69302142,47988346.307524264,0.016497139117826413,0.007,0.017330039071913245
2001,277612704.2640654,24799022.74855733,0.016497139117826413,0.007,0.016658852745290696
2002,274713916.1008079,25286083.899737775,0.016497139117826413,0.007,0.016723135448604657
2003,239016178.2126826,60983821.787863076,0.016497139117826413,0.007,0.015857340152997182
2004,252613126.45718652,47386873.54335916,0.016497139117826413,0.007,0.0158179829346709
2005,262788362.8772822,37211637.12326348,0.016497139117826413,0.007,0.01656610597587043
2006,267284355.1586504,32715644.841895282,0.016497139117826413,0.007,0.015716160677879582
2007,257255126.9022493,42744873.098296374,0.016497139117826413,0.007,0.01735714954557387
2008,251644176.00015867,48355824.00038701,0.016497139117826413,0.007,0.01686473401130924
2009,244770727.64323473,55229272.35731095,0.016497139117826413,0.007,0.015592614364325838
2010,257401452.6515316,42598547.34901407,0.016497139117826413,0.007,0.01502859886317393
2011,255843058.79852116,44156941.20202452,0.016497139117826413,0.007,0.01725402257788085
2012,242189122.92895085,57810877.071594834,0.016497139117826413,0.007,0.015730903447292676
2013,241948143.15971556,58051856.84083012,0.016497139117826413,0.007,0.015245706317680668
2014,236800551.04267597,63199448.95786971,0.016497139117826413,0.007,0.01519015831458491
2015,251478987.56736314,48521012.43318254,0.016497139117826413,0.007,0.01649161505809655
2016,263855905.8984281,36144094.10211757,0.016497139117826413,0.007,0.017169423011453314
2017,251402844.1804813,48597155.820064366,0.016497139117826413,0.007,0.016563102363958436
2018,239708287.06699917,60291712.93354651,0.016497139117826413,0.007,0.01664231258821367
2019,237306306.1927335,62693693.807812184,0.016497139117826413,0.007,0.016393111652203748
2020,261951005.01843616,38048994.98210952,0.016497139117826413,0.007,0.016757597261831625
2021,235458179.75722829,64541820.243317395,0.016497139117826413,0.007,0.014975754230964535
2022,251975901.97195217,48024098.02859351,0.016497139117826413,0.007,0.015952141377350987
2023,244815042.86677852,55184957.13376716,0.016497139117826413,0.007,0.017300651397470928
2024,255102721.70582753,44897278.29471815,0.016497139117826413,0.007,0.01654919445066178
2025,273188795.824061,26811204.176484704,0.016497139117826413,0.007,0.016493979090635734
2026,234907829.35125795,65092170.64928773,0.016497139117826413,0.007,0.016054810142312873
2027,268261328.123399,31738671.87714669,0.016497139117826413,0.007,0.016716692016954353
2028,253268031.1697952,46731968.830750495,0.016497139117826413,0.007,0.01507081852203157
2029,263867509.31435367,36132490.686192006,0.016497139117826413,0.007,0.017136295303509252
2030,265313999.8115112,34686000.18903449,0.016497139117826413,0.007,0.01698567713331718
2031,271208187.47102326,28791812.52952242,0.016497139117826413,0.007,0.017493725814209615
2032,251422174.45181882,48577825.54872686,0.016497139117826413,0.007,0.01780115139146292
2033,258246559.48288137,41753440.51766431,0.016497139117826413,0.007,0.017375047128551036
2034,236083023.88630998,63916976.1142357,0.016497139117826413,0.007,0.016224313031677838
2035,229114073.5007688,70885926.49977687,0.016497139117826413,0.007,0.0159489904351875
2036,246901405.67965275,53098594.32089293,0.016497139117826413,0.007,0.01668927836323676
2037,258318887.93935224,41681112.06119344,0.016497139117826413,0.007,0.017661040506835268
2038,245575106.56792617,54424893.43261951,0.016497139117826413,0.007,0.016522423563308606
2039,243337962.7922771,56662037.20826858,0.016497139117826413,0.007,0.01702454172411173
2040,248992632.42873946,51007367.57180622,0.016497139117826413,0.007,0.01666404215221373
2041,245447991.06521168,54552008.935334,0.016497139117826413,0.007,0.016895557187778812
2042,237672411.7741494,62327588.22639629,0.016497139117826413,0.007,0.016106674075749106
2043,252620507.86409876,47379492.13644692,0.016497139117826413,0.007,0.01675522770777106
2044,223300610.9426821,76699389.0578636,0.016497139117826413,0.007,0.01596625384592737
2045,259658605.74624097,40341394.25430471,0.016497139117826413,0.007,0.017154946518917503
2046,265553775.08165994,34446224.91888574,0.016497139117826413,0.007,0.017726724112940972
2047,262494006.579373,37505993.42117268,0.016497139117826413,0.007,0.01754022794247279
2048,264740901.58851922,35259098.412026465,0.016497139117826413,0.007,0.016877211769771132
2049,232350783.78596684,67649216.21457884,0.016497139117826413,0.007,0.01524196338632131
2050,253829146.75877964,46170853.241766036,0.016497139117826413,0.007,0.015274215208299826
2051,244211700.30296683,55788299.69757885,0.016497139117826413,0.007,0.016573931522607145
2052,242845122.60494897,57154877.39559671,0.016497139117826413,0.007,0.016376678452673446
2053,258736465.1530221,41263534.84752357,0.016497139117826413,0.007,0.016418661288774537
2054,267017321.32775924,32982678.672786444,0.016497139117826413,0.007,0.017576042193870937
2055,269007549.491291,30992450.509254694,0.016497139117826413,0.007,0.01741529171971241
2056,243542272.82302988,56457727.177515805,0.016497139117826413,0.007,0.015021506751239729
2057,261254116.61684123,38745883.38370445,0.016497139117826413,0.007,0.01754747398174126
2058,246168774.8450011,53831225.15554458,0.016497139117826413,0.007,0.01577178247889206
2059,256743229.02222925,43256770.97831643,0.016497139117826413,0.007,0.01716774159917167
2060,245558192.3873592,54441807.61318648,0.016497139117826413,0.007,0.01707862736510778
2061,269621246.467745,30378753.532800674,0.016497139117826413,0.007,0.017435550390502638
2062,261211388.5710035,38788611.429542184,0.016497139117826413,0.007,0.01706753842127781
2063,253663566.24439412,46336433.75615156,0.016497139117826413,0.007,0.015461281928294717
2064,282798278.6887368,24400132.408933282,0.016497139117826413,0.007,0.0180009118928871
2065,254196907.80567586,45803092.19486982,0.016497139117826413,0.007,0.017615979866579846
2066,228715086.32492048,71284913.6756252,0.016497139117826413,0.007,0.015273486402275376
2067,268004155.23801866,31995844.76252702,0.016497139117826413,0.007,0.015498192070270603
2068,260691743.03608757,39308256.96445811,0.016497139117826413,0.007,0.016212627807136358
2069,251840544.75843197,48159455.24211371,0.016497139117826413,0.007,0.01709979420039858
2070,260748448.02729517,39251551.97325051,0.016497139117826413,0.007,0.01685548703602281
2071,249340479.03631106,50659520.96423462,0.016497139117826413,0.007,0.01716721183053189
2072,254836231.95135298,45163768.0491927,0.016497139117826413,0.007,0.015718557106541686
2073,252863257.16233364,47136742.83821204,0.016497139117826413,0.007,0.014847347929676194
2074,240868874.20142293,59131125.79912275,0.016497139117826413,0.007,0.016997718053103145
2075,239443355.5981629,60556644.40238279,0.016497139117826413,0.007,0.01619621436137301
2076,258299520.51815605,41700479.48238963,0.016497139117826413,0.007,0.016054542629713817
2077,267537588.08725667,32462411.91328901,0.016497139117826413,0.007,0.016983727401586577
2078,231804444.5381638,68195555.46238187,0.016497139117826413,0.007,0.015356458240440444
2079,258424318.9359306,41575681.06461507,0.016497139117826413,0.007,0.016733054379497927
2080,265470220.35084674,34529779.64969894,0.016497139117826413,0.007,0.01841480080828896
2081,250321294.41826454,49678705.58228114,0.016497139117826413,0.007,0.01704735625177864
2082,247077163.9796518,52922836.02089387,0.016497139117826413,0.007,0.01554504669480122
2083,242154160.709199,57845839.29134667,0.016497139117826413,0.007,0.017085505049626405
2084,260542794.85873199,39457205.141813695,0.016497139117826413,0.007,0.01680101030240641
2085,251758766.18192425,48241233.81862143,0.016497139117826413,0.007,0.01580856062606621
2086,252273395.21338964,47726604.787156045,0.016497139117826413,0.007,0.01650252442356161
2087,247484904.6933502,52515095.307195485,0.016497139117826413,0.007,0.016582422645251216
2088,260848444.75313717,39151555.24740851,0.016497139117826413,0.007,0.01661461996640374
2089,250678226.4646,49321773.53594568,0.016497139117826413,0.007,0.017058977639396847
2090,241241596.98404953,58758403.01649615,0.016497139117826413,0.007,0.014559008008414719
2091,245987480.53021446,54012519.47033122,0.016497139117826413,0.007,0.015855852791996177
2092,244890310.75213167,55109689.24841401,0.016497139117826413,0.007,0.016766362828763415
2093,236981936.520723,63018063.479822695,0.016497139117826413,0.007,0.015942924152312864
2094,250248879.38451487,49751120.61603081,0.016497139117826413,0.007,0.016262149992142764
2095,228763257.02042967,71236742.98011601,0.016497139117826413,0.007,0.015701497531330575
2096,245588580.25565732,54411419.744888365,0.016497139117826413,0.007,0.016020198752736987
2097,274975418.40012115,25024581.600424528,0.016497139117826413,0.007,0.016780176659284423
2098,259796005.88088328,40203994.119662404,0.016497139117826413,0.007,0.016483506111374856
2099,248431317.96648127,51568682.03406441,0.016497139117826413,0.007,0.016230379192234953
2100,236059859.6109134,63940140.389632285,0.016497139117826413,0.007,0.016578957158548624
2101,247050258.5655364,52949741.43500927,0.016497139117826413,0.007,0.017231594699080262
2102,228084864.73699248,71915135.2635532,0.016497139117826413,0.007,0.014783884002253712
2103,257155398.88972932,42844601.11081636,0.016497139117826413,0.007,0.017583999352142565
2104,261176956.9392174,38823043.06132829,0.016497139117826413,0.007,0.017017307894460848
2105,255942329.6920258,44057670.30851987,0.016497139117826413,0.007,0.016067571278396035
2106,228377634.0704297,71622365.93011597,0.016497139117826413,0.007,0.015610880270948826
2107,252974403.95918947,47025596.041356206,0.016497139117826413,0.007,0.01627753863406536
2108,235382978.97751185,64617021.02303383,0.016497139117826413,0.007,0.01659671131933193
2109,237015971.3289911,62984028.671554595,0.016497139117826413,0.007,0.015693237282454524
2110,243796928.82674384,56203071.17380184,0.016497139117826413,0.007,0.016548426677754042
2111,258337826.43589598,41662173.5646497,0.016497139117826413,0.007,0.016388616115631693
2112,237432164.27125794,62567835.72928774,0.016497139117826413,0.007,0.01642820778207471
2113,253769405.28538573,46230594.71515995,0.016497139117826413,0.007,0.014841420945077914
2114,264172567.85552207,35827432.145023614,0.016497139117826413,0.007,0.016938181403159704
2115,247602523.60394937,52397476.39659631,0.016497139117826413,0.007,0.015593091012827388
2116,242079693.97001696,57920306.030528724,0.016497139117826413,0.007,0.014976704251375234
2117,254157162.1015795,45842837.89896619,0.016497139117826413,0.007,0.01646564494516693
2118,239080068.63921562,60919931.36133006,0.016497139117826413,0.007,0.017361953858602387
2119,244010469.40513054,55989530.595415145,0.016497139117826413,0.007,0.015507576573659705
2120,249121509.64136383,50878490.35918185,0.016497139117826413,0.007,0.016983847774161225
2121,252179771.0716679,47820228.92887777,0.016497139117826413,0.007,0.015664194036076308
2122,242458088.63729087,57541911.363254815,0.016497139117826413,0.007,0.017040082233150584
2123,251888771.9553969,48111228.04514879,0.016497139117826413,0.007,0.01651569689223773
2124,226985212.36612475,73014787.63442093,0.016497139117826413,0.007,0.015499422585460875
2125,244688516.63512242,55311483.36542326,0.016497139117826413,0.007,0.01577345694708032
2126,259617212.79303232,40382787.20751336,0.016497139117826413,0.007,0.017115771359156158
2127,275958355.97549963,24926280.30994594,0.016497139117826413,0.007,0.017178993752608295
2128,256120857.5669357,43879142.43360999,0.016497139117826413,0.007,0.01554666614342209
2129,225728294.14776874,74271705.85277694,0.016497139117826413,0.007,0.01482662817782067
2130,267756464.3759162,32243535.624629468,0.016497139117826413,0.007,0.01735579801437468
2131,257749603.63687634,42250396.363669336,0.016497139117826413,0.007,0.01679525276534564
2132,243150375.42392826,56849624.57661742,0.016497139117826413,0.007,0.01631277701216851
2133,255877235.90264913,44122764.097896546,0.016497139117826413,0.007,0.016390191791198896
2134,259055633.8070107,40944366.19353497,0.016497139117826413,0.007,0.016980349619332997
2135,253588988.62574744,46411011.37479824,0.016497139117826413,0.007,0.01650821927585626
2136,262091921.06031257,37908078.94023311,0.016497139117826413,0.007,0.01555758924116529
2137,243653995.99893123,56346004.00161445,0.016497139117826413,0.007,0.016778480237845058
2138,237255231.77650464,62744768.224041045,0.016497139117826413,0.007,0.016116127592719433
2139,262662911.2024811,37337088.79806459,0.016497139117826413,0.007,0.015480737172368746
2140,252275231.08863923,47724768.91190645,0.016497139117826413,0.007,0.01502255627361685
2141,271947084.29845625,28052915.70208943,0.016497139117826413,0.007,0.017109625977997322
2142,245031136.97000885,54968863.03053683,0.016497139117826413,0.007,0.015951095853830588
2143,254110224.51785842,45889775.482687265,0.016497139117826413,0.007,0.01608350312801407
2144,244896841.51997435,55103158.48057133,0.016497139117826413,0.007,0.01710007496871204
2145,286470611.2899597,24117645.28550589,0.016497139117826413,0.007,0.018208041178644666
2146,246813168.46430847,53186831.53623721,0.016497139117826413,0.007,0.015613226430856428
2147,250067500.35763943,49932499.64290625,0.016497139117826413,0.007,0.015702789842851846
2148,255157934.2993005,44842065.70124519,0.016497139117826413,0.007,0.015968348610714594
2149,240618768.18904015,59381231.81150553,0.016497139117826413,0.007,0.015586711179468866
2150,246587354.5512681,53412645.44927758,0.016497139117826413,0.007,0.01804204173744481
2151,242603506.45952994,57396493.541015744,0.016497139117826413,0.007,0.014866135998434449
2152,241761544.4008007,58238455.599744976,0.016497139117826413,0.007,0.016525467350995304
2153,245620305.056967,54379694.94357869,0.016497139117826413,0.007,0.01583338520000797
2154,243730819.82384726,56269180.17669842,0.016497139117826413,0.007,0.015469943960866777
2155,244192176.20397818,55807823.7965675,0.016497139117826413,0.007,0.016072522620747903
2156,268809402.9122094,31190597.08833629,0.016497139117826413,0.007,0.015858363994494737
2157,262763779.21248704,37236220.78805864,0.016497139117826413,0.007,0.01651388795505387
2158,253214544.40841687,46785455.59212881,0.016497139117826413,0.007,0.016539016599816995
2159,273151275.2130433,26848724.787502408,0.016497139117826413,0.007,0.016543545955095138
2160,258289347.65734327,41710652.34320241,0.016497139117826413,0.007,0.017969446980117404
2161,264176411.51142207,35823588.48912361,0.016497139117826413,0.007,0.016450174079233125
2162,238289894.17346752,61710105.82707816,0.016497139117826413,0.007,0.016555157327384145
2163,260334233.26776925,39665766.73277643,0.016497139117826413,0.007,0.016677987767658702
2164,269661042.5808618,30338957.419683874,0.016497139117826413,0.007,0.016929483824340806
2165,246184971.24254504,53815028.75800064,0.016497139117826413,0.007,0.01740575307916141
2166,245374708.27378628,54625291.726759404,0.016497139117826413,0.007,0.01586505658939758
2167,243675384.35340482,56324615.64714086,0.016497139117826413,0.007,0.0163338864703009
2168,251435013.9207429,48564986.07980278,0.016497139117826413,0.007,0.016535231259615417
2169,254532108.44559896,45467891.55494672,0.016497139117826413,0.007,0.016054875925814824
2170,245493947.33594337,54506052.66460231,0.016497139117826413,0.007,0.015894031764721706
2171,258718437.14005828,41281562.8604874,0.016497139117826413,0.007,0.017334531600962304
2172,246847283.64216605,53152716.35837963,0.016497139117826413,0.007,0.017363354827709947
2173,240542882.39175364,59457117.60879204,0.016497139117826413,0.007,0.01644297832435112
2174,249515288.5738116,50484711.42673409,0.016497139117826413,0.007,0.016721831283827912
2175,251160156.65339658,48839843.347149104,0.016497139117826413,0.007,0.016236542069857664
2176,253427250.28472245,46572749.71582323,0.016497139117826413,0.007,0.01694852533108142
2177,257271967.49692512,42728032.503620565,0.016497139117826413,0.007,0.016782566889906324
2178,261533049.0009421,38466950.99960357,0.016497139117826413,0.007,0.016589007017166618
2179,262977150.55273402,37022849.44781166,0.016497139117826413,0.007,0.016676208064649558
2180,263538872.7902506,36461127.21029508,0.016497139117826413,0.007,0.016676362825476822
2181,253766350.5982534,46233649.40229228,0.016497139117826413,0.007,0.0168601813588963
2182,232128051.28398085,67871948.71656483,0.016497139117826413,0.007,0.015854453866295467
2183,250367621.94070518,49632378.0598405,0.016497139117826413,0.007,0.015244400849865718
2184,256745675.63577816,43254324.36476752,0.016497139117826413,0.007,0.01740339804078678
2185,255900008.47283268,44099991.527713,0.016497139117826413,0.007,0.016965279075470525
2186,227303380.0987176,72696619.90182808,0.016497139117826413,0.007,0.016078241514647658
2187,254778322.96103436,45221677.03951132,0.016497139117826413,0.007,0.016202076309845166
2188,239205059.48993552,60794940.51061016,0.016497139117826413,0.007,0.016696461656325094
2189,276365666.5422106,24894948.728047013,0.016497139117826413,0.007,0.018150781901912705
2190,249362815.87095463,50637184.12959105,0.016497139117826413,0.007,0.017339287040919096
2191,245615314.35241285,54384685.64813283,0.016497139117826413,0.007,0.01691195972744298
2192,233030705.29523134,66969294.70531434,0.016497139117826413,0.007,0.01561046132584795
2193,251117108.13467208,48882891.865873605,0.016497139117826413,0.007,0.0171209687276847
2194,238832186.40118024,61167813.59936544,0.016497139117826413,0.007,0.01545437983355255
2195,264845379.19431826,35154620.806227416,0.016497139117826413,0.007,0.01684131173889398
2196,260157727.8560666,39842272.144479066,0.016497139117826413,0.007,0.01872228504838779
2197,263749908.5318275,36250091.46871817,0.016497139117826413,0.007,0.017559450044178793
2198,256748085.90427136,43251914.09627432,0.016497139117826413,0.007,0.015764493971413388
2199,259324240.81165096,40675759.18889472,0.016497139117826413,0.007,0.016726987624545653
2200,258606796.6746593,41393203.32588637,0.016497139117826413,0.007,0.017073801447913404
2201,253084799.50893185,46915200.491613835,0.016497139117826413,0.007,0.016415330033219436
2202,232871173.13266045,67128826.86788523,0.016497139117826413,0.007,0.016185260196778604
2203,231785999.85416913,68214000.14637655,0.016497139117826413,0.007,0.016012215775281342
2204,240327041.78975523,59672958.210790455,0.016497139117826413,0.007,0.0158547704934363
2205,250269672.8827051,49730327.11784059,0.016497139117826413,0.007,0.014674630004670383
2206,254309759.77050906,45690240.23003662,0.016497139117826413,0.007,0.016147611351650753
2207,252675758.9890824,47324241.011463284,0.016497139117826413,0.007,0.017169041255549744
2208,261101424.97584593,38898575.02469975,0.016497139117826413,0.007,0.015464155959896968
2209,232259080.91316047,67740919.0873852,0.016497139117826413,0.007,0.016288968931207213
2210,247638175.6996543,52361824.30089137,0.016497139117826413,0.007,0.016671213405231162
2211,242717105.05440247,57282894.94614321,0.016497139117826413,0.007,0.016328828312310938
2212,232358659.88689733,67641340.11364836,0.016497139117826413,0.007,0.017425823412777312
2213,235495012.64566776,64504987.35487792,0.016497139117826413,0.007,0.016196618399071834
2214,258657229.0250759,41342770.97546977,0.016497139117826413,0.007,0.017175614839187652
2215,251852626.86826253,48147373.13228315,0.016497139117826413,0.007,0.01630723197128868
2216,260732245.75888324,39267754.24166244,0.016497139117826413,0.007,0.016820991413271216
2217,251163014.57878423,48836985.42176145,0.016497139117826413,0.007,0.016383313996625116
2218,279096792.609411,24684862.10706556,0.016497139117826413,0.007,0.018310940536141115
2219,257868140.6551054,42131859.34544027,0.016497139117826413,0.007,0.015675237881526312
2220,244288058.0062317,55711941.994313985,0.016497139117826413,0.007,0.016092021150236783
2221,240339456.48435304,59660543.516192645,0.016497139117826413,0.007,0.015235077114471068
2222,248830882.19906083,51169117.80148485,0.016497139117826413,0.007,0.01700185889022407
2223,264911607.81164622,35088392.18889946,0.016497139117826413,0.007,0.016924775092574257
2224,254190027.69600213,45809972.304543555,0.016497139117826413,0.007,0.016621422502026334
2225,255613731.18225208,44386268.8182936,0.016497139117826413,0.007,0.016339826255028375
2226,260932285.4434197,39067714.557125986,0.016497139117826413,0.007,0.017231534194253682
2227,245519522.97890806,54480477.02163762,0.016497139117826413,0.007,0.015462103997721287
2228,273785396.1476082,26214603.85293746,0.016497139117826413,0.007,0.018868232154713387
2229,254952822.5412107,45047177.45933497,0.016497139117826413,0.007,0.01671458959439814
2230,243855440.85343415,56144559.147111535,0.016497139117826413,0.007,0.01684348871257449
2231,250790000.6687975,49209999.33174819,0.016497139117826413,0.007,0.01571895845529319
2232,258702883.14157182,41297116.85897386,0.016497139117826413,0.007,0.015738602392056208
2233,238372734.1433357,61627265.85720998,0.016497139117826413,0.007,0.016277787228107046
2234,234278929.42161414,65721070.57893154,0.016497139117826413,0.007,0.016146518594598685
2235,231275220.96580458,68724779.0347411,0.016497139117826413,0.007,0.01621816061359622
2236,252186763.23375604,47813236.766789645,0.016497139117826413,0.007,0.015680785329298015
2237,258809537.74407774,41190462.25646794,0.016497139117826413,0.007,0.01635900103457884
2238,250491712.39408457,49508287.60646111,0.016497139117826413,0.007,0.015550837843403812
2239,236235513.74305236,63764486.25749332,0.016497139117826413,0.007,0.016884620463578474
2240,259202863.77196905,40797136.22857663,0.016497139117826413,0.007,0.016668081057407125
2241,251797706.21086633,48202293.78967935,0.016497139117826413,0.007,0.01630184575573062
2242,262377241.59498826,37622758.405557424,0.016497139117826413,0.007,0.016086762251015244
2243,252760715.10984284,47239284.89070284,0.016497139117826413,0.007,0.017451363368489445
2244,220454913.4439268,79545086.55661887,0.016497139117826413,0.007,0.015148669042128318
2245,249610632.4296672,50389367.570878476,0.016497139117826413,0.007,0.016875663231487405
2246,263763660.31635562,36236339.684190065,0.016497139117826413,0.007,0.01641260513082371
2247,267976037.3887735,32023962.61177218,0.016497139117826413,0.007,0.017594080054421
2248,261474671.38997847,38525328.61056721,0.016497139117826413,0.007,0.01744422464550176
2249,264996524.68596488,35003475.3145808,0.016497139117826413,0.007,0.015569149878934199
2250,236422722.73454458,63577277.266001105,0.016497139117826413,0.007,0.016365625652353916
2251,249401015.9766991,50598984.02384657,0.016497139117826413,0.007,0.015493891142072076
2252,225010279.11414915,74989720.88639653,0.016497139117826413,0.007,0.015905314438039414
2253,252482254.8469029,47517745.15364277,0.016497139117826413,0.007,0.016535125776565993
2254,272933630.77251446,27066369.228031218,0.016497139117826413,0.007,0.017261323538933438
2255,242926554.67820737,57073445.32233831,0.016497139117826413,0.007,0.01670520366641493
2256,253831242.52835757,46168757.472188115,0.016497139117826413,0.007,0.017012370631955587
2257,253879367.4689725,46120632.53157318,0.016497139117826413,0.007,0.017679419477090057
2258,269773759.2426418,30226240.757903874,0.016497139117826413,0.007,0.017428868639414587
2259,255244974.5164139,44755025.48413178,0.016497139117826413,0.007,0.01615803488997136
2260,245698936.17647496,54301063.82407072,0.016497139117826413,0.007,0.015345684051983
2261,233552683.02351558,66447316.9770301,0.016497139117826413,0.007,0.015688377761087512
2262,250673674.40793383,49326325.59261185,0.016497139117826413,0.007,0.016039156004972747
2263,243639593.53532803,56360406.46521765,0.016497139117826413,0.007,0.015450725494659414
2264,248154176.25662744,51845823.74391824,0.016497139117826413,0.007,0.016424136368456858
2265,251336864.3516132,48663135.64893249,0.016497139117826413,0.007,0.017002696923994153
2266,252291389.53541753,47708610.46512815,0.016497139117826413,0.007,0.01681674209981491
2267,262303226.7028575,37696773.297688186,0.016497139117826413,0.007,0.016929730915763958
2268,242560296.55304763,57439703.44749805,0.016497139117826413,0.007,0.01595577049898756
2269,243217291.8241886,56782708.17635709,0.016497139117826413,0.007,0.016294421605803387
2270,255253288.2093016,44746711.79124409,0.016497139117826413,0.007,0.016375506841786052
2271,244629845.76496983,55370154.235575855,0.016497139117826413,0.007,0.017807653348442563
2272,241993735.07697836,58006264.923567325,0.016497139117826413,0.007,0.015599295706629289
2273,251372693.54974553,48627306.45080015,0.016497139117826413,0.007,0.015562138205055314
2274,244575740.49522024,55424259.50532544,0.016497139117826413,0.007,0.015987134617036127
2275,271928797.0030604,28071202.99748528,0.016497139117826413,0.007,0.0169554545790269
2276,267840600.90030786,32159399.100237817,0.016497139117826413,0.007,0.015687175578037307
2277,247845244.51978135,52154755.48076433,0.016497139117826413,0.007,0.017706495486459577
2278,238257110.69693172,61742889.30361396,0.016497139117826413,0.007,0.016801742130222428
2279,252160134.05670282,47839865.94384286,0.016497139117826413,0.007,0.017089245948228058
2280,247640190.5951711,52359809.40537459,0.016497139117826413,0.007,0.01646311996002815
2281,270810460.9563616,29189539.04418409,0.016497139117826413,0.007,0.01605980584934759
2282,237782202.1509709,62217797.849574775,0.016497139117826413,0.007,0.015882584977705238
2283,250795288.40755865,49204711.59298703,0.016497139117826413,0.007,0.01754645658958953
2284,251753554.5996822,48246445.40086347,0.016497139117826413,0.007,0.014601398459568973
2285,252244620.9765892,47755379.02395648,0.016497139117826413,0.007,0.01559372487657904
2286,256034788.77788574,43965211.222659945,0.016497139117826413,0.007,0.016854857230150875
2287,277545402.08825135,24804199.839492798,0.016497139117826413,0.007,0.016940616284378655
2288,238428925.6384072,61571074.36213848,0.016497139117826413,0.007,0.01679286178618217
2289,256587222.54142094,43412777.459124744,0.016497139117826413,0.007,0.015783302451685063
2290,250894628.31018168,49105371.690364,0.016497139117826413,0.007,0.016129386003511003
2291,230591714.37521812,69408285.62532756,0.016497139117826413,0.007,0.016065427617508298
2292,254270675.8148421,45729324.185703576,0.016497139117826413,0.007,0.015843800736418796
2293,267900547.23694307,32099452.763602614,0.016497139117826413,0.007,0.017235814170489354
2294,251648798.71858826,48351201.28195742,0.016497139117826413,0.007,0.01847477141348854
2295,258692404.96107984,41307595.039465845,0.016497139117826413,0.007,0.01642273572553462
2296,237216965.57554734,62783034.42499834,0.016497139117826413,0.007,0.017270412498032156
2297,254433206.73508835,45566793.26545733,0.016497139117826413,0.007,0.018384135282053255
2298,256282129.9991161,43717870.00142959,0.016497139117826413,0.007,0.016579001156265608
2299,234128280.47654486,65871719.52400082,0.016497139117826413,0.007,0.01637237573536726
2300,231894403.86845446,68105596.13209122,0.016497139117826413,0.007,0.015928470929183265
2301,259281575.7310766,40718424.26946908,0.016497139117826413,0.007,0.017014761339434473
2302,267690907.53484893,32309092.465696752,0.016497139117826413,0.007,0.01865934403491335
2303,276224844.3740164,24905781.20191717,0.016497139117826413,0.007,0.01737010817903718
2304,264698333.5377186,35301666.46282709,0.016497139117826413,0.007,0.01675269257716734
2305,255405413.42890182,44594586.57164386,0.016497139117826413,0.007,0.016582372349132023
2306,242497590.395471,57502409.605074674,0.016497139117826413,0.007,0.0167717503290763
2307,247529883.5509583,52470116.449587375,0.016497139117826413,0.007,0.017651074728129164
2308,257266770.63616347,42733229.36438221,0.016497139117826413,0.007,0.016114823974816325
2309,243945782.70256582,56054217.29797986,0.016497139117826413,0.007,0.015567798309828742
2310,272517067.75287294,27482932.247672737,0.016497139117826413,0.007,0.01679702843915068
2311,252667739.42999113,47332260.570554554,0.016497139117826413,0.007,0.0174690182561133
2312,254854573.69819036,45145426.30235532,0.016497139117826413,0.007,0.01651167100468222
2313,245176358.45416647,54823641.54637921,0.016497139117826413,0.007,0.015987697390996473
2314,245612381.66801634,54387618.332529336,0.016497139117826413,0.007,0.016224896705706024
2315,268726510.69358414,31273489.306961536,0.016497139117826413,0.007,0.016592120403672226
2316,242336683.78808847,57663316.21245721,0.016497139117826413,0.007,0.016087620684530048
2317,253624052.5672953,46375947.43325037,0.016497139117826413,0.007,0.017698402061549524
2318,252639160.97185537,47360839.02869031,0.016497139117826413,0.007,0.01723759928130031
2319,252661961.72039175,47338038.28015393,0.016497139117826413,0.007,0.017028776996322166
2320,254342355.0996716,45657644.90087408,0.016497139117826413,0.007,0.01655811999587802
2321,268255348.72263598,31744651.277909696,0.016497139117826413,0.007,0.01701538910606699
2322,234014017.20034206,65985982.80020362,0.016497139117826413,0.007,0.015076798726616124
2323,256215721.13762662,43784278.86291906,0.016497139117826413,0.007,0.01710826395532645
2324,250611562.8084707,49388437.192074984,0.016497139117826413,0.007,0.015161984602431575
2325,240867988.3357221,59132011.66482359,0.016497139117826413,0.007,0.01693682361834201
2326,260829795.5313021,39170204.469243586,0.016497139117826413,0.007,0.01661886054432131
2327,243986372.10232136,56013627.898224324,0.016497139117826413,0.007,0.016888347811259644
2328,265308304.90309548,34691695.0974502,0.016497139117826413,0.007,0.016918259906723083
2329,242409390.7577769,57590609.242768794,0.016497139117826413,0.007,0.016013107327899758
2330,253014190.17669034,46985809.82385534,0.016497139117826413,0.007,0.016525426406009448
2331,244618152.01387587,55381847.98666981,0.016497139117826413,0.007,0.015293954949116478
2332,278256681.02152246,24749486.075123608,0.016497139117826413,0.007,0.016789970455979512
2333,263968882.23868313,36031117.761862546,0.016497139117826413,0.007,0.01736741176012926
2334,237704312.88034832,62295687.120197356,0.016497139117826413,0.007,0.016321203840542597
2335,253834319.88113314,46165680.11941254,0.016497139117826413,0.007,0.015560076804299938
2336,244931179.68590176,55068820.31464392,0.016497139117826413,0.007,0.014807016953050397
2337,256035436.3602841,43964563.64026159,0.016497139117826413,0.007,0.01723944699487021
2338,249190071.5236653,50809928.47688037,0.016497139117826413,0.007,0.016410550920497462
2339,261385513.831672,38614486.16887367,0.016497139117826413,0.007,0.016252709287237734
2340,245922626.03876913,54077373.961776555,0.016497139117826413,0.007,0.017463845552263695
2341,251545684.7133915,48454315.28715417,0.016497139117826413,0.007,0.01644828698685282
2342,261160403.78411043,38839596.21643525,0.016497139117826413,0.007,0.017327238719397363
2343,263571512.33876705,36428487.66177863,0.016497139117826413,0.007,0.01652225787863069
2344,236179820.08775115,63820179.91279453,0.016497139117826413,0.007,0.016122003669007075
2345,269264162.6611221,30735837.339423597,0.016497139117826413,0.007,0.017777262316961154
2346,249667907.25705266,50332092.74349302,0.016497139117826413,0.007,0.017260087437701712
2347,264814454.2425262,35185545.75801948,0.016497139117826413,0.007,0.017457572564315148
2348,240015707.4010287,59984292.59951699,0.016497139117826413,0.007,0.016805975076440553
2349,248917300.69348803,51082699.30705765,0.016497139117826413,0.007,0.014202478709530893
2350,248285860.84026873,51714139.16027695,0.016497139117826413,0.007,0.016032319501753184
2351,247837522.449988,52162477.55055767,0.016497139117826413,0.007,0.017231903283054312
2352,268041091.9723819,31958908.02816379,0.016497139117826413,0.007,0.017416438954306907
2353,252331939.4077672,47668060.592778474,0.016497139117826413,0.007,0.016923982603846394
2354,259483707.28750363,40516292.71304205,0.016497139117826413,0.007,0.017157867973879123
2355,250096606.18568647,49903393.81485921,0.016497139117826413,0.007,0.017092525517101324
2356,249964860.49403378,50035139.5065119,0.016497139117826413,0.007,0.016096267728599404
2357,270909146.3583829,29090853.6421628,0.016497139117826413,0.007,0.017482252163193778
2358,259047316.16591454,40952683.834631145,0.016497139117826413,0.007,0.017831277169568307
2359,255131348.7595367,44868651.24100897,0.016497139117826413,0.007,0.016325632004223715
2360,251816896.91802126,48183103.08252442,0.016497139117826413,0.007,0.016757300026956808
2361,271929901.8216887,28070098.17885697,0.016497139117826413,0.007,0.016725843191467752
2362,255261582.32908452,44738417.671461165,0.016497139117826413,0.007,0.017015041200706446
2363,254462948.72465116,45537051.27589452,0.016497139117826413,0.007,0.01729219382454215
2364,268030348.17462337,31969651.82592231,0.016497139117826413,0.007,0.01596589733785542
2365,244165186.90036464,55834813.10018104,0.016497139117826413,0.007,0.015758708405355638
2366,244432451.43664074,55567548.56390494,0.016497139117826413,0.007,0.01692940751956597
2367,269682357.45957696,30317642.540968716,0.016497139117826413,0.007,0.016929336415892296
2368,258837314.64849722,41162685.35204846,0.016497139117826413,0.007,0.01718659480286091
2369,254770295.53066778,45229704.4698779,0.016497139117826413,0.007,0.016607986360534288
2370,236143256.502578,63856743.49796769,0.016497139117826413,0.007,0.015870901219562503
2371,257359040.0684571,42640959.93208858,0.016497139117826413,0.007,0.017647439865268975
2372,249542347.13346162,50457652.867084056,0.016497139117826413,0.007,0.01604905181797339
2373,254098340.76913434,45901659.23141134,0.016497139117826413,0.007,0.018570261553566836
2374,253929980.100829,46070019.899716675,0.016497139117826413,0.007,0.01663694517697237
2375,263265731.0668132,36734268.93373248,0.016497139117826413,0.007,0.016120911212711003
2376,249421188.3184743,50578811.68207139,0.016497139117826413,0.007,0.015639172109827605
2377,251840598.48626578,48159401.5142799,0.016497139117826413,0.007,0.01702328860288316
2378,236382715.66375586,63617284.33678982,0.016497139117826413,0.007,0.016968865089255422
2379,242971881.88689482,57028118.11365086,0.016497139117826413,0.007,0.016549438276348697
2380,257082126.30175877,42917873.698786914,0.016497139117826413,0.007,0.0156972168560446
2381,244159819.77394968,55840180.226596,0.016497139117826413,0.007,0.016229847063066693
2382,233125791.8441859,66874208.15635979,0.016497139117826413,0.007,0.015651770475581986
2383,254965903.4102644,45034096.59028128,0.016497139117826413,0.007,0.015435636454847
2384,263525446.86556703,36474553.13497865,0.016497139117826413,0.007,0.017190953433414216
2385,258760831.9473194,41239168.05322629,0.016497139117826413,0.007,0.017254230228315966
2386,243313433.72070533,56686566.27984035,0.016497139117826413,0.007,0.016208938335891585
2387,222441346.60837165,77558653.39217404,0.016497139117826413,0.007,0.014757886655026246
2388,240758070.557403,59241929.44314268,0.016497139117826413,0.007,0.014966858267018823
2389,244774598.3436798,55225401.656865895,0.016497139117826413,0.007,0.018315107531720252
2390,275417585.51686513,24967878.037219822,0.016497139117826413,0.007,0.016950820293478865
2391,248499561.27714983,51500438.723395854,0.016497139117826413,0.007,0.01704323835518859
2392,267500005.5817216,32499994.418824077,0.016497139117826413,0.007,0.01666882242679322
2393,260646417.67658526,39353582.32396042,0.016497139117826413,0.007,0.015619971238369404
2394,239727107.92614865,60272892.07439703,0.016497139117826413,0.007,0.015606699875635604
2395,272839330.10575205,27160669.89479363,0.016497139117826413,0.007,0.017278813658931025
2396,254931177.09996587,45068822.90057981,0.016497139117826413,0.007,0.016537703648887053
2397,262596039.95476538,37403960.0457803,0.016497139117826413,0.007,0.016228584751956928
2398,261451800.05683053,38548199.943715155,0.016497139117826413,0.007,0.016184617787805725
2399,249920476.62465006,50079523.37589562,0.016497139117826413,0.007,0.01704676335540443
2400,263277972.47104812,36722027.529497564,0.016497139117826413,0.007,0.01603425621535381
2401,249671194.25681067,50328805.743735015,0.016497139117826413,0.007,0.01615157645989473
2402,256410254.62428975,43589745.37625593,0.016497139117826413,0.007,0.016916929013154815
2403,246183977.95215905,53816022.04838663,0.016497139117826413,0.007,0.016800815550559286
2404,245793674.2203796,54206325.78016609,0.016497139117826413,0.007,0.0156744325599107
2405,241878795.27327216,58121204.727273524,0.016497139117826413,0.007,0.01736630860316313
2406,251959941.22065675,48040058.77988893,0.016497139117826413,0.007,0.017355927554580583
2407,240005518.54562312,59994481.45492256,0.016497139117826413,0.007,0.01684905009987036
2408,242843964.6472241,57156035.35332158,0.016497139117826413,0.007,0.016423546990753015
2409,236644058.54044014,63355941.46010554,0.016497139117826413,0.007,0.017011487732613916
2410,237736779.8451565,62263220.15538919,0.016497139117826413,0.007,0.01506957477935511
2411,263455289.84336072,36544710.15718496,0.016497139117826413,0.007,0.016561108971089953
2412,262733434.08160126,37266565.91894442,0.016497139117826413,0.007,0.016386258517342375
2413,236400092.6471768,63599907.35336888,0.016497139117826413,0.007,0.014992604697783412
2414,240353625.85574862,59646374.14479706,0.016497139117826413,0.007,0.015036566654566801
2415,231736730.14989224,68263269.85065344,0.016497139117826413,0.007,0.01677872562243287
2416,253637278.3851761,46362721.61536959,0.016497139117826413,0.007,0.016733081554710084
2417,246494725.7917606,53505274.20878509,0.016497139117826413,0.007,0.01622794327149748
2418,265392038.4038521,34607961.596693575,0.016497139117826413,0.007,0.016994954591730744
2419,257456048.16938564,42543951.83116004,0.016497139117826413,0.007,0.015394492451481065
2420,234016108.32790977,65983891.67263591,0.016497139117826413,0.007,0.015200519093488681
2421,243450191.06410623,56549808.936439455,0.016497139117826413,0.007,0.0167893972030491
2422,257720828.06785756,42279171.93268812,0.016497139117826413,0.007,0.016451885247497727
2423,216436172.05707666,83563827.94346902,0.016497139117826413,0.007,0.015301825258111437
2424,257731211.5040835,42268788.49646217,0.016497139117826413,0.007,0.0171463077128874
2425,235214995.53860018,64785004.461945504,0.016497139117826413,0.007,0.01608514992702827
2426,258313715.3308621,41686284.669683576,0.016497139117826413,0.007,0.0170478932208732
2427,242558664.03087068,57441335.969675004,0.016497139117826413,0.007,0.016324895904491817
2428,261577295.39129794,38422704.609247744,0.016497139117826413,0.007,0.01630752533201702
2429,251745583.90348768,48254416.097058,0.016497139117826413,0.007,0.015591242067728153
2430,274520714.933937,25479285.066608667,0.016497139117826413,0.007,0.017212151351827742
2431,245837324.1971165,54162675.80342919,0.016497139117826413,0.007,0.01693581151066238
2432,248166030.45508438,51833969.5454613,0.016497139117826413,0.007,0.01615655355549885
2433,273284162.765825,26715837.234720707,0.016497139117826413,0.007,0.018369435201938282
2434,249937296.6853136,50062703.31523207,0.016497139117826413,0.007,0.017440302413368258
2435,251397230.93140066,48602769.069145024,0.016497139117826413,0.007,0.016095331668167994
2436,248246651.10836855,51753348.892177135,0.016497139117826413,0.007,0.017175786317840277
2437,241269279.05394432,58730720.94660136,0.016497139117826413,0.007,0.01564155747518206
2438,249760672.53050065,50239327.47004503,0.016497139117826413,0.007,0.015614912131926869
2439,257502643.5958581,42497356.40468758,0.016497139117826413,0.007,0.01654686969643779
2440,271093163.76960725,28906836.230938435,0.016497139117826413,0.007,0.017022771687434785
2441,247642807.51761124,52357192.482934445,0.016497139117826413,0.007,0.01533159728085785
2442,246755337.423305,53244662.577240676,0.016497139117826413,0.007,0.016377755165260258
2443,264070216.79531097,35929783.20523471,0.016497139117826413,0.007,0.01713986620984548
2444,247719737.8153699,52280262.18517578,0.016497139117826413,0.007,0.017481009076850035
2445,279572912.93614984,24648237.466404915,0.016497139117826413,0.007,0.017322651701156714
2446,234826284.05447352,65173715.94607216,0.016497139117826413,0.007,0.01577180018770309
2447,242661076.86681592,57338923.133729756,0.016497139117826413,0.007,0.015224871620672924
2448,241278881.31692424,58721118.68362144,0.016497139117826413,0.007,0.016371703503404493
2449,252709257.08514425,47290742.91540143,0.016497139117826413,0.007,0.015982250140962065
2450,262947652.4495982,37052347.55094749,0.016497139117826413,0.007,0.016493988753075232
2451,279058156.86074764,24687834.0877347,0.016497139117826413,0.007,0.01765174556250038
2452,242829956.22289678,57170043.777648896,0.016497139117826413,0.007,0.015492284591373931
2453,256766539.8282361,43233460.17230958,0.016497139117826413,0.007,0.016912977633820832
2454,281523708.41586393,24498176.27560824,0.016497139117826413,0.007,0.01702340320289055
2455,247041424.60063076,52958575.39991492,0.016497139117826413,0.007,0.015897052610161125
2456,233209028.89881092,66790971.10173476,0.016497139117826413,0.007,0.016465131207404976
2457,269693171.9395899,30306828.060955763,0.016497139117826413,0.007,0.017206158542747332
2458,275895230.375241,24931136.125346005,0.016497139117826413,0.007,0.016552598651979087
2459,239327680.6151335,60672319.38541219,0.016497139117826413,0.007,0.017958790226281718
2460,270945226.2251778,29054773.775367856,0.016497139117826413,0.007,0.01862532285692225
2461,264578280.32684937,35421719.67369631,0.016497139117826413,0.007,0.016835082369364193
2462,259219809.84774077,40780190.15280491,0.016497139117826413,0.007,0.015525960297248315
2463,263641413.09833756,36358586.90220812,0.016497139117826413,0.007,0.01642623353259196
2464,254177410.86885276,45822589.131692916,0.016497139117826413,0.007,0.015985630635959616
2465,237638365.80175945,62361634.19878623,0.016497139117826413,0.007,0.01533477772603999
2466,253667446.78582942,46332553.214716256,0.016497139117826413,0.007,0.0170080079388559
2467,269087988.1243928,30912011.876152873,0.016497139117826413,0.007,0.016156401732064812
2468,241001163.03746557,58998836.96308011,0.016497139117826413,0.007,0.016257621028141454
2469,230020191.44200268,69979808.558543,0.016497139117826413,0.007,0.015359853024894314
2470,239485351.04448816,60514648.95605752,0.016497139117826413,0.007,0.016039730875673452
2471,259165980.48792168,40834019.512623996,0.016497139117826413,0.007,0.016769655723876356
2472,234660394.01915285,65339605.98139283,0.016497139117826413,0.007,0.01654065608008963
2473,261526856.19042444,38473143.81012124,0.016497139117826413,0.007,0.01663354818321253
2474,267751090.90515238,32248909.0953933,0.016497139117826413,0.007,0.015714211880860023
2475,235489224.8071141,64510775.193431586,0.016497139117826413,0.007,0.015341787497308038
2476,266102024.1081677,33897975.89237797,0.016497139117826413,0.007,0.017335839186002528
2477,255925418.4279584,44074581.57258728,0.016497139117826413,0.007,0.01755861370404372
2478,239889196.82581425,60110803.17473143,0.016497139117826413,0.007,0.015718336310351695
2479,268438727.232089,31561272.768456697,0.016497139117826413,0.007,0.016486028266177198
2480,237746537.6990461,62253462.301499575,0.016497139117826413,0.007,0.015237504516268659
2481,277621924.20506585,24798313.522462964,0.016497139117826413,0.007,0.017901273425023352
2482,249447614.7902063,50552385.21033937,0.016497139117826413,0.007,0.016255305228742325
2483,249502676.91161776,50497323.088927925,0.016497139117826413,0.007,0.01591499962369088
2484,255582901.24371997,44417098.756825715,0.016497139117826413,0.007,0.01632280803468062
2485,246226384.61872026,53773615.38182542,0.016497139117826413,0.007,0.017322036852678573
2486,227063627.75987148,72936372.2406742,0.016497139117826413,0.007,0.015347645806168077
2487,259403188.78722736,40596811.21331832,0.016497139117826413,0.007,0.01641564848807945
2488,249885326.418494,50114673.582051694,0.016497139117826413,0.007,0.015970876528542014
2489,234812472.8478271,65187527.152718574,0.016497139117826413,0.007,0.015939250879425
2490,243751144.93749386,56248855.06305182,0.016497139117826413,0.007,0.016804562563359403
2491,266671861.74113098,33328138.259414703,0.016497139117826413,0.007,0.017743966769048766
2492,248975845.18666798,51024154.8138777,0.016497139117826413,0.007,0.015846751079390216
2493,243525160.79724503,56474839.203300655,0.016497139117826413,0.007,0.017262131436317583
2494,249437453.00772512,50562546.99282056,0.016497139117826413,0.007,0.01613376579853268
2495,262000335.45371634,37999664.54682934,0.016497139117826413,0.007,0.016181169865364452
2496,258375534.84876123,41624465.15178445,0.016497139117826413,0.007,0.016340532285327457
2497,276363853.97405005,24895088.155920804,0.016497139117826413,0.007,0.016286341839132842
2498,243954330.1907828,56045669.809762895,0.016497139117826413,0.007,0.015563744552757466
2499,247205047.45798928,52794952.542556405,0.016497139117826413,0.007,0.016421092648084147
2500,267241140.40860578,32758859.591939896,0.016497139117826413,0.007,0.01765281652163625
2501,240668296.94746238,59331703.0530833,0.016497139117826413,0.007,0.016160896007677148
2502,256271225.54628092,43728774.45426476,0.016497139117826413,0.007,0.01810151242910181
2503,242403582.87233415,57596417.12821153,0.016497139117826413,0.007,0.015775881793266538
2504,248662578.36052167,51337421.64002401,0.016497139117826413,0.007,0.01729517780032104
2505,258685047.76776186,41314952.232783824,0.016497139117826413,0.007,0.016326939880864987
2506,257888604.39556333,42111395.60498235,0.016497139117826413,0.007,0.016165786414133486
2507,264162317.61029398,35837682.390251696,0.016497139117826413,0.007,0.016813481531547433
2508,256281892.01901522,43718107.98153046,0.016497139117826413,0.007,0.016611796770933992
2509,255507406.30722106,44492593.693324625,0.016497139117826413,0.007,0.015980558665663856
2510,251810968.1740009,48189031.82654479,0.016497139117826413,0.007,0.01576900361038484
2511,258054224.4677364,41945775.53280929,0.016497139117826413,0.007,0.01747238084142306
2512,247439237.2140571,52560762.78648859,0.016497139117826413,0.007,0.016012528642886308
2513,233410275.98549238,66589724.0150533,0.016497139117826413,0.007,0.015054558329096926
2514,251336922.4022359,48663077.598309785,0.016497139117826413,0.007,0.016219353073418256
2515,271291468.91847426,28708531.082071424,0.016497139117826413,0.007,0.017983031410398902
2516,251517009.19736916,48482990.80317652,0.016497139117826413,0.007,0.015521045695685588
2517,264533021.92753607,35466978.07300961,0.016497139117826413,0.007,0.015609114448585797
2518,280073317.11983764,24609744.83651054,0.016497139117826413,0.007,0.016899371957377562
2519,251308875.78929615,48691124.21124953,0.016497139117826413,0.007,0.01609299398709446
2520,257975689.4690166,42024310.53152907,0.016497139117826413,0.007,0.0156103006703685
2521,263027876.6805297,36972123.32001597,0.016497139117826413,0.007,0.015963474163282663
2522,267307827.32457936,32692172.675966322,0.016497139117826413,0.007,0.01719341086786408
2523,262499834.85805914,37500165.14248654,0.016497139117826413,0.007,0.01643177270224812
2524,233930575.7570655,66069424.243480176,0.016497139117826413,0.007,0.016433717397752887
2525,251175320.4211652,48824679.57938048,0.016497139117826413,0.007,0.016898443548197004
2526,256270659.8847727,43729340.11577299,0.016497139117826413,0.007,0.015379022854913398
2527,249357938.2745702,50642061.72597548,0.016497139117826413,0.007,0.015617875680127943
2528,239587977.73991662,60412022.26062906,0.016497139117826413,0.007,0.016170258064167154
2529,261165320.60022438,38834679.400321305,0.016497139117826413,0.007,0.016590593147340477
2530,241679679.6914037,58320320.30914199,0.016497139117826413,0.007,0.015777504341697522
2531,254995273.55407044,45004726.44647524,0.016497139117826413,0.007,0.017233964751418248
2532,273775939.72134346,26224060.279202223,0.016497139117826413,0.007,0.016572457684989498
2533,254863860.36656833,45136139.63397735,0.016497139117826413,0.007,0.016702400256905208
2534,241609098.5935102,58390901.40703547,0.016497139117826413,0.007,0.016240604657929508
2535,242803754.25512567,57196245.74542001,0.016497139117826413,0.007,0.016165843920140706
2536,247588667.16358685,52411332.836958826,0.016497139117826413,0.007,0.015532706352291726
2537,237564091.68568182,62435908.31486386,0.016497139117826413,0.007,0.017341150931568017
2538,253193405.12744218,46806594.8731035,0.016497139117826413,0.007,0.015475756252169418
2539,226740233.46108475,73259766.53946093,0.016497139117826413,0.007,0.015632752312366344
2540,246024043.73756814,53975956.26297754,0.016497139117826413,0.007,0.015808050362457124
2541,262597457.32726994,37402542.67327574,0.016497139117826413,0.007,0.016133858982960384
2542,259471051.2206931,40528948.77985257,0.016497139117826413,0.007,0.01768982006900232
2543,244373066.72382838,55626933.276717305,0.016497139117826413,0.007,0.015421341947201942
2544,250387367.09491506,49612632.90563062,0.016497139117826413,0.007,0.01645005493560368
2545,248147912.18037125,51852087.820174426,0.016497139117826413,0.007,0.017048655374997487
2546,247246272.0740954,52753727.92645028,0.016497139117826413,0.007,0.015731930671149415
2547,252032576.9529069,47967423.047638774,0.016497139117826413,0.007,0.01694624869315629
2548,252798040.5924192,47201959.40812647,0.016497139117826413,0.007,0.015944006973582024
2549,270304078.0723461,29695921.92819959,0.016497139117826413,0.007,0.016861561232780944
2550,238569633.02601472,61430366.974530965,0.016497139117826413,0.007,0.016661285012081264
2551,225198693.48891994,74801306.51162574,0.016497139117826413,0.007,0.01502109762827742
2552,266351930.76909462,33648069.231451064,0.016497139117826413,0.007,0.018090739174400638
2553,262665706.89073515,37334293.10981053,0.016497139117826413,0.007,0.017259299085810694
2554,248546025.03233877,51453974.96820691,0.016497139117826413,0.007,0.016952763543088577
2555,259506356.15249646,40493643.84804922,0.016497139117826413,0.007,0.018548667674277406
2556,237706375.28834835,62293624.71219733,0.016497139117826413,0.007,0.016087161716435632
2557,243888181.65146413,56111818.349081546,0.016497139117826413,0.007,0.01655782528011213
2558,238078865.7346819,61921134.265863776,0.016497139117826413,0.007,0.015579626650287842
2559,238407756.28800175,61592243.712543935,0.016497139117826413,0.007,0.01630153616519607
2560,254207282.77795517,45792717.222590506,0.016497139117826413,0.007,0.017394027511986883
2561,267065013.17310715,32934986.827438533,0.016497139117826413,0.007,0.017558284620763927
2562,255936341.28708902,44063658.71345666,0.016497139117826413,0.007,0.01650574488461749
2563,242368443.60043508,57631556.4001106,0.016497139117826413,0.007,0.015797851912281183
2564,250260060.35507107,49739939.64547461,0.016497139117826413,0.007,0.016554151310792024
2565,277296855.70149946,24823318.791712046,0.016497139117826413,0.007,0.01723378347252424
2566,261326257.2209789,38673742.779566795,0.016497139117826413,0.007,0.016060076028962977
2567,247974682.1430508,52025317.85749489,0.016497139117826413,0.007,0.01707255937547324
2568,245008777.21589828,54991222.784647405,0.016497139117826413,0.007,0.01654448219233462
2569,238671916.21784294,61328083.782702744,0.016497139117826413,0.007,0.016527681970256208
2570,242224839.57479516,57775160.425750524,0.016497139117826413,0.007,0.014945910357614871
2571,251153279.91041565,48846720.09013003,0.016497139117826413,0.007,0.01692764695415201
2572,243723114.66420627,56276885.336339414,0.016497139117826413,0.007,0.016330306768735446
2573,242317407.19677532,57682592.80377036,0.016497139117826413,0.007,0.017398606270912727
2574,244810247.98593438,55189752.014611304,0.016497139117826413,0.007,0.016850322259634884
2575,246857681.09279695,53142318.90774873,0.016497139117826413,0.007,0.017004583579245978
2576,242515592.32932448,57484407.6712212,0.016497139117826413,0.007,0.01656390528562245
2577,246697151.80482972,53302848.195715964,0.016497139117826413,0.007,0.01650187238295737
2578,256279320.5849826,43720679.41556308,0.016497139117826413,0.007,0.016671320376853847
2579,240561061.3659748,59438938.63457087,0.016497139117826413,0.007,0.014556508795233281
2580,233771938.8739235,66228061.12662217,0.016497139117826413,0.007,0.01604831466165341
2581,238157914.2913499,61842085.70919579,0.016497139117826413,0.007,0.01628749657954487
2582,244302658.75646126,55697341.24408442,0.016497139117826413,0.007,0.01550290365138761
2583,238290054.04012883,61709945.96041685,0.016497139117826413,0.007,0.015996547101238937
2584,241593744.0359256,58406255.96462008,0.016497139117826413,0.007,0.01709936322592693
2585,271314142.76142347,28685857.239122212,0.016497139117826413,0.007,0.015959888584813633
2586,245070382.10143209,54929617.899113595,0.016497139117826413,0.007,0.015640421667028937
2587,240260093.06119162,59739906.93935406,0.016497139117826413,0.007,0.016086791673932354
2588,259976416.20916355,40023583.791382134,0.016497139117826413,0.007,0.016637611155965182
2589,257193408.42050064,42806591.580045044,0.016497139117826413,0.007,0.016338104862158646
2590,273494450.5765187,26505549.424026966,0.016497139117826413,0.007,0.016996151914877314
2591,246635360.02791664,53364639.97262904,0.016497139117826413,0.007,0.016551385561687625
2592,234691624.96974626,65308375.03079942,0.016497139117826413,0.007,0.01589304827780304
2593,266615482.79729483,33384517.203250855,0.016497139117826413,0.007,0.01664460371799205
2594,288241071.2790845,23981456.05569464,0.016497139117826413,0.007,0.018508760796832373
2595,269687815.86893696,30312184.131608725,0.016497139117826413,0.007,0.016696307383966623
2596,274764056.3323321,25235943.668213606,0.016497139117826413,0.007,0.016827694025687616
2597,224557216.89550602,75442783.10503966,0.016497139117826413,0.007,0.016084631506772466
2598,264118795.77119517,35881204.22935051,0.016497139117826413,0.007,0.017234242574259224
2599,229118147.12005067,70881852.88049501,0.016497139117826413,0.007,0.016330467334527782
2600,255061279.05744314,44938720.94310254,0.016497139117826413,0.007,0.017145770124372885
2601,241686282.06012213,58313717.94042355,0.016497139117826413,0.007,0.015212653092263134
2602,239287663.91354313,60712336.087002546,0.016497139117826413,0.007,0.015234256646758199
2603,249767633.119537,50232366.881008685,0.016497139117826413,0.007,0.016122132098472172
2604,242630300.79205924,57369699.20848644,0.016497139117826413,0.007,0.016293735826612657
2605,252958474.50979954,47041525.49074614,0.016497139117826413,0.007,0.017111525142368512
2606,238727547.7135515,61272452.28699419,0.016497139117826413,0.007,0.015100601760429851
2607,263919492.2477582,36080507.75278747,0.016497139117826413,0.007,0.017813495909657084
2608,247186987.3122388,52813012.68830687,0.016497139117826413,0.007,0.01617689828911752
2609,243648398.23674238,56351601.7638033,0.016497139117826413,0.007,0.016768357652355566
2610,251375703.10428968,48624296.896256,0.016497139117826413,0.007,0.01653117920198344
2611,243402584.37836874,56597415.622176945,0.016497139117826413,0.007,0.016204524390466206
2612,251959485.95635706,48040514.04418862,0.016497139117826413,0.007,0.01646387825510765
2613,254326291.1289283,45673708.87161738,0.016497139117826413,0.007,0.016497480170628454
2614,256047538.67377508,43952461.3267706,0.016497139117826413,0.007,0.01545584102772148
2615,266804310.17938948,33195689.821156204,0.016497139117826413,0.007,0.01618903222998892
2616,271788926.7302294,28211073.270316303,0.016497139117826413,0.007,0.017553729828456644
2617,260123677.45884454,39876322.54170114,0.016497139117826413,0.007,0.017589725164979288
2618,256630014.1983411,43369985.80220458,0.016497139117826413,0.007,0.017367533556094647
2619,248743827.200493,51256172.80005267,0.016497139117826413,0.007,0.016549379332281865
2620,252593173.85135236,47406826.14919332,0.016497139117826413,0.007,0.017154143289970517
2621,246346544.99028683,53653455.01025885,0.016497139117826413,0.007,0.01641346076352751
2622,245117671.44111887,54882328.559426814,0.016497139117826413,0.007,0.015470088787167576
2623,257078749.4125011,42921250.588044584,0.016497139117826413,0.007,0.017241093755075963
2624,251481118.62979233,48518881.37075335,0.016497139117826413,0.007,0.015962015827553234
2625,283778993.41492885,24324692.814040363,0.016497139117826413,0.007,0.018354294962285637
2626,269615887.68493766,30384112.315608025,0.016497139117826413,0.007,0.017033210688055144
2627,244624392.8679366,55375607.13260907,0.016497139117826413,0.007,0.015847160497678203
2628,247598463.58442464,52401536.416121036,0.016497139117826413,0.007,0.01769089931481741
2629,252575463.28107655,47424536.71946913,0.016497139117826413,0.007,0.016855125953013476
2630,234430440.80835047,65569559.19219521,0.016497139117826413,0.007,0.016141538592683826
2631,244662695.9070878,55337304.09345788,0.016497139117826413,0.007,0.01621721859856449
2632,270931579.85329866,29068420.147247016,0.016497139117826413,0.007,0.017280001219233718
2633,260612307.1874306,39387692.81311509,0.016497139117826413,0.007,0.016031706962142313
2634,257886995.74719608,42113004.2533496,0.016497139117826413,0.007,0.015966683400253378
2635,255626204.26586324,44373795.73468244,0.016497139117826413,0.007,0.01802226362923047
2636,252937600.07850423,47062399.922041446,0.016497139117826413,0.007,0.016888051288348124
2637,262227616.00572693,37772383.99481875,0.016497139117826413,0.007,0.0163184927078005
2638,241059501.83240068,58940498.168145,0.016497139117826413,0.007,0.01654718631543574
2639,239719417.24731937,60280582.75322631,0.016497139117826413,0.007,0.016109517058156976
2640,259694785.6336789,40305214.36686677,0.016497139117826413,0.007,0.0161432532968332
2641,262926766.0022102,37073233.99833548,0.016497139117826413,0.007,0.016728252255499516
2642,248801360.17249238,51198639.828053296,0.016497139117826413,0.007,0.01600491175702951
2643,255477305.44352466,44522694.55702102,0.016497139117826413,0.007,0.016179223995694384
2644,234385813.08476558,65614186.9157801,0.016497139117826413,0.007,0.014487209527903942
2645,271271598.14025325,28728401.860292435,0.016497139117826413,0.007,0.01739297696025559
2646,260816839.22226402,39183160.77828166,0.016497139117826413,0.007,0.01695677027065597
2647,252258427.43085763,47741572.56968805,0.016497139117826413,0.007,0.016882016361097416
2648,247859668.63465077,52140331.36589491,0.016497139117826413,0.007,0.016383516895035352
2649,254293489.6172435,45706510.38330218,0.016497139117826413,0.007,0.01478798695629991
2650,269962639.1938992,30037360.806646466,0.016497139117826413,0.007,0.017211648993745516
2651,265852469.0378789,34147530.96266678,0.016497139117826413,0.007,0.01748577054471663
2652,238006226.2163061,61993773.78423959,0.016497139117826413,0.007,0.016420106052141743
2653,245008032.55266392,54991967.44788176,0.016497139117826413,0.007,0.01666792063960374
2654,230251437.81340963,69748562.18713605,0.016497139117826413,0.007,0.016592858356175712
2655,237813041.15943694,62186958.84110874,0.016497139117826413,0.007,0.016050745747478782
2656,254503088.8158658,45496911.184679866,0.016497139117826413,0.007,0.015897887190964664
2657,252235436.20805088,47764563.7924948,0.016497139117826413,0.007,0.016634335160994846
2658,231333422.77650633,68666577.22403935,0.016497139117826413,0.007,0.015893917314050307
2659,242683471.69177985,57316528.30876583,0.016497139117826413,0.007,0.01671689496398029
2660,252668921.51427448,47331078.4862712,0.016497139117826413,0.007,0.016644963151860537
2661,264423839.74759236,35576160.25295332,0.016497139117826413,0.007,0.016248307148856354
2662,260095624.35527688,39904375.6452688,0.016497139117826413,0.007,0.016764796240978815
2663,266410751.5204478,33589248.48009789,0.016497139117826413,0.007,0.015945551533766793
2664,269374199.2400004,30625800.760545254,0.016497139117826413,0.007,0.017652701314870085
2665,256206491.9426185,43793508.05792719,0.016497139117826413,0.007,0.018090185384865634
2666,257248652.13778612,42751347.86275956,0.016497139117826413,0.007,0.015930903513082045
2667,255759610.00675523,44240389.99379045,0.016497139117826413,0.007,0.016222490106024244
2668,244069993.37301457,55930006.62753111,0.016497139117826413,0.007,0.015535568566605774
2669,249257687.94954154,50742312.05100414,0.016497139117826413,0.007,0.015670985198879498
2670,238400021.6975878,61599978.30295789,0.016497139117826413,0.007,0.01590420534096042
2671,247813786.33791643,52186213.66262925,0.016497139117826413,0.007,0.017133571781325185
2672,273605846.1185909,26394153.88195479,0.016497139117826413,0.007,0.01633539761075436
2673,241165728.7969678,58834271.203577876,0.016497139117826413,0.007,0.016169940059276012
2674,259446790.95175266,40553209.04879302,0.016497139117826413,0.007,0.017441016330883654
2675,247260349.20338732,52739650.79715836,0.016497139117826413,0.007,0.017458360586577012
2676,258167197.94344464,41832802.05710104,0.016497139117826413,0.007,0.016670159398656924
2677,244129662.8075763,55870337.19296938,0.016497139117826413,0.007,0.015617857209611138
2678,243199854.76408812,56800145.23645756,0.016497139117826413,0.007,0.015866762171999078
2679,257218850.35228783,42781149.64825785,0.016497139117826413,0.007,0.016824130548862542
2680,253983516.37231728,46016483.628228396,0.016497139117826413,0.007,0.017556952267048665
2681,239753638.34989405,60246361.650651634,0.016497139117826413,0.007,0.01636012023838723
2682,278249047.688618,24750073.254986644,0.016497139117826413,0.007,0.016971031051004396
2683,280323330.07577634,24590513.071047127,0.016497139117826413,0.007,0.018157904778321438
2684,237629978.41553223,62370021.58501345,0.016497139117826413,0.007,0.01575034583620108
2685,242215475.41858098,57784524.5819647,0.016497139117826413,0.007,0.017482845027507746
2686,238163002.9751958,61836997.025349885,0.016497139117826413,0.007,0.01612863363305778
2687,228001774.84612972,71998225.15441597,0.016497139117826413,0.007,0.016371796401424808
2688,242996566.89352596,57003433.10701972,0.016497139117826413,0.007,0.01704673461594953
2689,239254563.74480787,60745436.25573781,0.016497139117826413,0.007,0.015446634831055565
2690,255470081.76820427,44529918.23234141,0.016497139117826413,0.007,0.016384552835811292
2691,249932340.4621532,50067659.538392484,0.016497139117826413,0.007,0.01537798560839099
2692,245424401.29783678,54575598.7027089,0.016497139117826413,0.007,0.017105264975778352
2693,268569530.4386685,31430469.56187719,0.016497139117826413,0.007,0.01652689379185837
2694,268330188.39018136,31669811.610364318,0.016497139117826413,0.007,0.01732718267898838
2695,252279561.87958294,47720438.12096274,0.016497139117826413,0.007,0.016056678167786508
2696,247263378.44426796,52736621.55627772,0.016497139117826413,0.007,0.01568418889057731
2697,251340451.1749992,48659548.82554647,0.016497139117826413,0.007,0.015493671392192173
2698,257476710.27987218,42523289.7206735,0.016497139117826413,0.007,0.016436356526906917
2699,271395566.47741276,28604433.52313292,0.016497139117826413,0.007,0.017056213818120954
2700,250055402.19382393,49944597.80672175,0.016497139117826413,0.007,0.01570102768766415
2701,268750069.59711,31249930.403435707,0.016497139117826413,0.007,0.018090100144225005
2702,259564316.25192267,40435683.74862301,0.016497139117826413,0.007,0.016547338496844
2703,256687417.75554177,43312582.24500391,0.016497139117826413,0.007,0.01615391091699102
2704,247963341.52944484,52036658.47110084,0.016497139117826413,0.007,0.016551910882211467
2705,255006275.5824639,44993724.41808179,0.016497139117826413,0.007,0.01623482346419383
2706,246842806.5605147,53157193.44003099,0.016497139117826413,0.007,0.016235911664798052
2707,254177223.39312622,45822776.60741946,0.016497139117826413,0.007,0.016267315572730714
2708,286401116.56765383,24122991.03274113,0.016497139117826413,0.007,0.018215894146723855
2709,264736950.27053893,35263049.730006754,0.016497139117826413,0.007,0.016495328169902998
2710,263422508.46658665,36577491.53395903,0.016497139117826413,0.007,0.015961173893589486
2711,246502538.59095865,53497461.409587026,0.016497139117826413,0.007,0.015932275514226636
2712,234835883.85339332,65164116.147152364,0.016497139117826413,0.007,0.017144913919649007
2713,235157034.3607636,64842965.63978207,0.016497139117826413,0.007,0.016269726374231647
2714,277510621.5632515,24806875.264457405,0.016497139117826413,0.007,0.017215046412142956
2715,262037406.04448667,37962593.95605901,0.016497139117826413,0.007,0.017324276902296553
2716,247932651.5838034,52067348.416742295,0.016497139117826413,0.007,0.016016572611785816
2717,253245157.24351144,46754842.75703424,0.016497139117826413,0.007,0.016187415723914775
2718,260539468.40205446,39460531.59849122,0.016497139117826413,0.007,0.016829616125235262
2719,250576431.0208117,49423568.979733974,0.016497139117826413,0.007,0.016265731547165128
2720,255486748.98722917,44513251.01331651,0.016497139117826413,0.007,0.015856708334489062
2721,246938882.4249932,53061117.57555249,0.016497139117826413,0.007,0.015490702533631325
2722,256785431.43611667,43214568.564429015,0.016497139117826413,0.007,0.017037748335326373
2723,257350759.40063858,42649240.5999071,0.016497139117826413,0.007,0.01598663543488109
2724,268597929.03657925,31402070.96396643,0.016497139117826413,0.007,0.017174486815487455
2725,250544777.7188769,49455222.28166878,0.016497139117826413,0.007,0.016115659649481678
2726,255917733.59686553,44082266.403680146,0.016497139117826413,0.007,0.01684443240211769
2727,266078034.3008964,33921965.699649274,0.016497139117826413,0.007,0.01812443618309504
2728,248377932.82793224,51622067.17261344,0.016497139117826413,0.007,0.01730209582093134
2729,257379842.27445102,42620157.72609466,0.016497139117826413,0.007,0.016691177843532922
2730,260451551.17521945,39548448.825326234,0.016497139117826413,0.007,0.015492384687864022
2731,271543489.1652551,28456510.83529055,0.016497139117826413,0.007,0.018786072356828575
2732,274160717.7152551,25839282.2852906,0.016497139117826413,0.007,0.01877072059151698
2733,238448928.70605612,61551071.29448956,0.016497139117826413,0.007,0.01590794021966923
2734,246001148.6167592,53998851.38378647,0.016497139117826413,0.007,0.015984348538904212
2735,243943223.02870637,56056776.97183931,0.016497139117826413,0.007,0.017910552610941377
2736,253031917.75238132,46968082.248164356,0.016497139117826413,0.007,0.01642324941873716
2737,234923666.2817527,65076333.718792975,0.016497139117826413,0.007,0.01567930650814062
2738,232426367.58174258,67573632.4188031,0.016497139117826413,0.007,0.01551183686250817
2739,259004065.83997846,40995934.160567224,0.016497139117826413,0.007,0.017917581872935
2740,264756419.0858798,35243580.91466588,0.016497139117826413,0.007,0.015656073488773847
2741,256518335.52927434,43481664.471271336,0.016497139117826413,0.007,0.01795504992088879
2742,229166775.27469298,70833224.7258527,0.016497139117826413,0.007,0.016837925492483138
2743,228829862.26139784,71170137.73914784,0.016497139117826413,0.007,0.015818916152006222
2744,285414489.2868567,24198885.43913883,0.016497139117826413,0.007,0.019472570932195957
2745,253100849.93294832,46899150.06759736,0.016497139117826413,0.007,0.016144965729459528
2746,255568838.60174376,44431161.39880192,0.016497139117826413,0.007,0.016175604593162616
2747,246180602.68718162,53819397.31336406,0.016497139117826413,0.007,0.017219530368702607
2748,264796294.303253,35203705.697292686,0.016497139117826413,0.007,0.01516698629872962
2749,238455197.19844595,61544802.802099735,0.016497139117826413,0.007,0.01608607492975162
2750,266851507.59919307,33148492.401352614,0.016497139117826413,0.007,0.017696183425215967
2751,250690775.63044357,49309224.37010211,0.016497139117826413,0.007,0.017887280757741136
2752,243474099.64400998,56525900.3565357,0.016497139117826413,0.007,0.01759851110562021
2753,267984710.60360122,32015289.396944463,0.016497139117826413,0.007,0.017687279048948634
2754,239727114.84729153,60272885.15325415,0.016497139117826413,0.007,0.016888607552091508
2755,255919216.8757916,44080783.12475407,0.016497139117826413,0.007,0.01600247009998959
2756,232870788.9686399,67129211.03190577,0.016497139117826413,0.007,0.016513216843722353
2757,238903108.22009468,61096891.780451,0.016497139117826413,0.007,0.017432504560132407
2758,255694082.91000926,44305917.090536416,0.016497139117826413,0.007,0.017249494091618706
2759,284926453.0594079,24236426.68728292,0.016497139117826413,0.007,0.01905756914268867
2760,264119894.91817856,35880105.08236712,0.016497139117826413,0.007,0.016630451930579004
2761,286028058.49533457,24151687.808249295,0.016497139117826413,0.007,0.017205881157633655
2762,227386600.8058616,72613399.19468409,0.016497139117826413,0.007,0.01525720312694642
2763,259734865.1277878,40265134.87275788,0.016497139117826413,0.007,0.015062522851530511
2764,274869230.6221233,25130769.37842238,0.016497139117826413,0.007,0.016975542070316076
2765,285926289.8795115,24159516.16351372,0.016497139117826413,0.007,0.016259295947730883
2766,257212723.6116068,42787276.388938874,0.016497139117826413,0.007,0.015649959093900136
2767,258995846.08887655,41004153.911669135,0.016497139117826413,0.007,0.015927614166918472
2768,236506696.25575772,63493303.74478796,0.016497139117826413,0.007,0.016043387517516168
2769,254102281.1162799,45897718.88426578,0.016497139117826413,0.007,0.01581778167148819
2770,252834022.17307034,47165977.82747534,0.016497139117826413,0.007,0.016105506298042107
2771,262201807.14923102,37798192.851314664,0.016497139117826413,0.007,0.015147868551419063
2772,259150531.57922998,40849468.4213157,0.016497139117826413,0.007,0.016263971949276184
2773,245188260.180322,54811739.82022369,0.016497139117826413,0.007,0.014566724252343287
2774,251927037.29674172,48072962.70380396,0.016497139117826413,0.007,0.016832126405948687
2775,241441570.90727693,58558429.09326875,0.016497139117826413,0.007,0.01710047111692176
2776,261061322.51924813,38938677.48129755,0.016497139117826413,0.007,0.017189314621930043
2777,273709748.62532234,26290251.37522334,0.016497139117826413,0.007,0.017299253012617605
2778,263157674.26970434,36842325.73084134,0.016497139117826413,0.007,0.016053280374333064
2779,270174411.4802093,29825588.52033639,0.016497139117826413,0.007,0.017669267035891393
2780,238634176.60719192,61365823.39335376,0.016497139117826413,0.007,0.015943815121635296
2781,248511463.89032307,51488536.11022261,0.016497139117826413,0.007,0.01727079573625709
2782,245560948.09082267,54439051.90972301,0.016497139117826413,0.007,0.01686983030447344
2783,248856418.3689971,51143581.63154858,0.016497139117826413,0.007,0.016859849806827545
2784,248491158.461266,51508841.53927967,0.016497139117826413,0.007,0.016841250621129275
2785,253161319.19145882,46838680.80908686,0.016497139117826413,0.007,0.016346880139851232
2786,227313642.10779664,72686357.89274904,0.016497139117826413,0.007,0.016485465786876118
2787,235700308.39673516,64299691.60381052,0.016497139117826413,0.007,0.017238119783291758
2788,250804284.27566767,49195715.72487801,0.016497139117826413,0.007,0.016910186998326457
2789,279626028.55526227,24644151.649104476,0.016497139117826413,0.007,0.01837478683225835
2790,239343124.89895526,60656875.101590425,0.016497139117826413,0.007,0.015937739948628158
2791,242564334.28787848,57435665.7126672,0.016497139117826413,0.007,0.015088725439707285
2792,257480700.72003043,42519299.28051525,0.016497139117826413,0.007,0.01659890296017455
2793,248684888.9488639,51315111.05168179,0.016497139117826413,0.007,0.016433963838226155
2794,255775825.69783998,44224174.302705705,0.016497139117826413,0.007,0.015861216015037122
2795,269035856.6937613,30964143.30678439,0.016497139117826413,0.007,0.016998341469005848
2796,245010985.44956315,54989014.550982535,0.016497139117826413,0.007,0.015273423117383837
2797,240979339.20356858,59020660.7969771,0.016497139117826413,0.007,0.01660330865632375
2798,266834462.75322124,33165537.247324437,0.016497139117826413,0.007,0.0162771474247436
2799,252527358.23656383,47472641.76398185,0.016497139117826413,0.007,0.017071082970259718
2800,250123899.15457913,49876100.84596655,0.016497139117826413,0.007,0.016276233482367005
2801,252574499.48833823,47425500.51220745,0.016497139117826413,0.007,0.016320506749965172
2802,248789851.75155836,51210148.24898732,0.016497139117826413,0.007,0.01673066456998547
2803,235046652.6506989,64953347.34984678,0.016497139117826413,0.007,0.016021019077998085
2804,264034447.89823967,35965552.10230601,0.016497139117826413,0.007,0.017624484201010874
2805,258082843.4812268,41917156.51931888,0.016497139117826413,0.007,0.016814587230259748
2806,231575668.92189574,68424331.07864994,0.016497139117826413,0.007,0.016331426570434772
2807,245366525.6587957,54633474.341749966,0.016497139117826413,0.007,0.017064626810397374
2808,232597619.8464534,67402380.15409228,0.016497139117826413,0.007,0.017015819424254102
2809,250147125.47843796,49852874.52210772,0.016497139117826413,0.007,0.01719745493177227
2810,256086379.62442508,43913620.3761206,0.016497139117826413,0.007,0.01654197173321548
2811,263315147.16725993,36684852.83328575,0.016497139117826413,0.007,0.017093941644990753
2812,233058176.17112136,66941823.82942432,0.016497139117826413,0.007,0.014844284335999762
2813,268306989.72970945,31693010.270836234,0.016497139117826413,0.007,0.016308795585790598
2814,226497801.38146612,73502198.61907956,0.016497139117826413,0.007,0.015903328576843623
2815,273703947.7790818,26296052.22146386,0.016497139117826413,0.007,0.018109384301469054
2816,269531696.1733691,30468303.82717657,0.016497139117826413,0.007,0.017517093921084484
2817,246183816.47277457,53816183.527771115,0.016497139117826413,0.007,0.016134579977223715
2818,268508955.86118895,31491044.139356732,0.016497139117826413,0.007,0.0165792161653196
2819,267689734.17695034,32310265.823595345,0.016497139117826413,0.007,0.017336755281279433
2820,254599423.27429187,45400576.72625381,0.016497139117826413,0.007,0.015086463652684684
2821,259288672.86348516,40711327.13706052,0.016497139117826413,0.007,0.01697833624794814
2822,242523480.26254874,57476519.737996936,0.016497139117826413,0.007,0.016390531582797654
2823,225286435.51725483,74713564.48329085,0.016497139117826413,0.007,0.016063217500540787
2824,265916933.6631661,34083066.337379575,0.016497139117826413,0.007,0.015621930160330073
2825,241860877.64506194,58139122.35548374,0.016497139117826413,0.007,0.016012047642056677
2826,252602020.91788998,47397979.0826557,0.016497139117826413,0.007,0.01596955656733968
2827,260516505.3679567,39483494.63258898,0.016497139117826413,0.007,0.01658986481327326
2828,291644023.04779845,23719690.53472042,0.016497139117826413,0.007,0.01874368222615358
2829,255002564.97200367,44997435.02854201,0.016497139117826413,0.007,0.017125375571896712
2830,259029075.04413667,40970924.95640901,0.016497139117826413,0.007,0.01649721683807447
2831,239659147.61629435,60340852.38425133,0.016497139117826413,0.007,0.01658601539380622
2832,243168980.28739458,56831019.7131511,0.016497139117826413,0.007,0.0160151718858486
2833,276308688.5322085,24899331.651158333,0.016497139117826413,0.007,0.017511785503170882
2834,253755102.69116068,46244897.309385,0.016497139117826413,0.007,0.016511891392627678
2835,228154512.35937965,71845487.64116603,0.016497139117826413,0.007,0.01673987096924415
2836,261665489.10489628,38334510.8956494,0.016497139117826413,0.007,0.017866599419128996
2837,267694258.7501812,32305741.250364482,0.016497139117826413,0.007,0.016298405528229146
2838,266400659.5572825,33599340.44326317,0.016497139117826413,0.007,0.01705610048773009
2839,239040581.50486135,60959418.495684326,0.016497139117826413,0.007,0.015483339156351023
2840,259219499.1113661,40780500.88917959,0.016497139117826413,0.007,0.01614490712674318
2841,255931523.6668806,44068476.33366507,0.016497139117826413,0.007,0.015740440103212714
2842,253674947.7467065,46325052.253839195,0.016497139117826413,0.007,0.016146594387859346
2843,246889171.16275656,53110828.83778912,0.016497139117826413,0.007,0.0171462990555173
2844,263445722.6274016,36554277.37314409,0.016497139117826413,0.007,0.017721819170194938
2845,240081863.23017165,59918136.77037403,0.016497139117826413,0.007,0.015980319973344714
2846,248780432.6941691,51219567.30637658,0.016497139117826413,0.007,0.016827648933906543
2847,241039416.65096512,58960583.349580556,0.016497139117826413,0.007,0.015463776726096456
2848,244919799.13465452,55080200.86589116,0.016497139117826413,0.007,0.01607731357070085
2849,245142876.0270269,54857123.97351879,0.016497139117826413,0.007,0.016189108858985217
2850,243287269.6381742,56712730.362371475,0.016497139117826413,0.007,0.015397747069102649
2851,230141916.00465956,69858083.99588612,0.016497139117826413,0.007,0.016239161365324585
2852,263931863.27892673,36068136.72161895,0.016497139117826413,0.007,0.0167285752462408
2853,262198418.75136143,37801581.24918425,0.016497139117826413,0.007,0.01708463250361356
2854,249278506.47464287,50721493.52590281,0.016497139117826413,0.007,0.016769597716348304
2855,260027283.79542434,39972716.20512134,0.016497139117826413,0.007,0.017067983503105774
2856,267292638.28073418,32707361.7198115,0.016497139117826413,0.007,0.01880068504689341
2857,245594650.35082927,54405349.64971641,0.016497139117826413,0.007,0.017061718392334526
2858,244957081.83753815,55042918.16300753,0.016497139117826413,0.007,0.01696920089797233
2859,253945665.1406481,46054334.85989758,0.016497139117826413,0.007,0.017819492074743943
2860,235890323.11488968,64109676.885656,0.016497139117826413,0.007,0.01602081428856826
2861,254128222.97933137,45871777.02121431,0.016497139117826413,0.007,0.01597516858530565
2862,244568123.71011978,55431876.2904259,0.016497139117826413,0.007,0.016042847334120963
2863,237797187.79517886,62202812.20536682,0.016497139117826413,0.007,0.01608898165367936
2864,271438723.57451946,28561276.426026225,0.016497139117826413,0.007,0.01732449672371491
2865,239593141.16520536,60406858.83534032,0.016497139117826413,0.007,0.01599553945487846
2866,245725261.822673,54274738.17787269,0.016497139117826413,0.007,0.016885932345435152
2867,244619635.16567612,55380364.83486956,0.016497139117826413,0.007,0.01609861491458031
2868,268732929.9913441,31267070.009201586,0.016497139117826413,0.007,0.016666816950913564
2869,240944548.15463534,59055451.84591034,0.016497139117826413,0.007,0.017281657840658785
2870,229143741.41950837,70856258.58103731,0.016497139117826413,0.007,0.01696477624743933
2871,269466030.2499376,30533969.750608087,0.016497139117826413,0.007,0.016524148545157148
2872,271617470.131459,28382529.869086683,0.016497139117826413,0.007,0.016455568032154377
2873,238583507.78876692,61416492.21177876,0.016497139117826413,0.007,0.0156228632879888
2874,240604676.04413238,59395323.9564133,0.016497139117826413,0.007,0.017216022927514063
2875,250573379.51287794,49426620.48766774,0.016497139117826413,0.007,0.01666589473964494
2876,269781894.5441552,30218105.4563905,0.016497139117826413,0.007,0.018400188791519
2877,252165820.75879794,47834179.24174774,0.016497139117826413,0.007,0.017077828482321988
2878,258111047.12538835,41888952.87515733,0.016497139117826413,0.007,0.017268003537267186
2879,261528621.85661322,38471378.14393246,0.016497139117826413,0.007,0.01642169455536652
2880,253424422.8494311,46575577.15111458,0.016497139117826413,0.007,0.016298033979774442
2881,252571251.33623147,47428748.66431421,0.016497139117826413,0.007,0.01603713814909106
2882,265156425.2621107,34843574.73843497,0.016497139117826413,0.007,0.016982665739424477
2883,230047338.1658826,69952661.8346631,0.016497139117826413,0.007,0.015823149989910263
2884,229644089.31787944,70355910.68266624,0.016497139117826413,0.007,0.015488072125313723
2885,248018798.1744113,51981201.82613438,0.016497139117826413,0.007,0.015669248590897647
2886,253345089.23226744,46654910.76827824,0.016497139117826413,0.007,0.01750263443365168
2887,255897866.29317844,44102133.70736724,0.016497139117826413,0.007,0.016619380455160305
2888,267969927.22521806,32030072.775327623,0.016497139117826413,0.007,0.015964207540385092
2889,244874967.14981166,55125032.850734025,0.016497139117826413,0.007,0.016460450972315598
2890,226937091.8839463,73062908.11659938,0.016497139117826413,0.007,0.015849597452749803
2891,252577177.64315078,47422822.357394904,0.016497139117826413,0.007,0.016416201802848692
2892,234196402.54062277,65803597.45992291,0.016497139117826413,0.007,0.015753865060466343
2893,254317662.30801493,45682337.69253075,0.016497139117826413,0.007,0.015997881553949645
2894,268797306.6757619,31202693.324783802,0.016497139117826413,0.007,0.01839116905265158
2895,249706378.9774153,50293621.02313039,0.016497139117826413,0.007,0.01603368179633135
2896,265459293.90546384,34540706.095081836,0.016497139117826413,0.007,0.01753621221162422
2897,259615212.78070775,40384787.219837934,0.016497139117826413,0.007,0.016304596355356638
2898,251828408.19731304,48171591.80323264,0.016497139117826413,0.007,0.018247436601936538
2899,248778336.03486967,51221663.96567601,0.016497139117826413,0.007,0.016459250013745184
2900,246721178.55190742,53278821.44863826,0.016497139117826413,0.007,0.016047478474216316
2901,249402836.4073309,50597163.59321478,0.016497139117826413,0.007,0.01617184856265211
2902,220468369.23697397,79531630.76357171,0.016497139117826413,0.007,0.015577702872596732
2903,246138907.3532051,53861092.647340566,0.016497139117826413,0.007,0.016652398217232058
2904,258082370.2752528,41917629.72529289,0.016497139117826413,0.007,0.01656829084332092
2905,241181974.26515228,58818025.735393405,0.016497139117826413,0.007,0.015859846936429722
2906,265380704.23535162,34619295.76519406,0.016497139117826413,0.007,0.016298286542861654
2907,262087095.28615296,37912904.71439272,0.016497139117826413,0.007,0.016746428112260427
2908,256442708.53999493,43557291.460550755,0.016497139117826413,0.007,0.014594600080649016
2909,252788931.1516573,47211068.84888837,0.016497139117826413,0.007,0.016382019590665597
2910,252427413.12026608,47572586.8802796,0.016497139117826413,0.007,0.01631460179449799
2911,245726739.96949816,54273260.03104752,0.016497139117826413,0.007,0.01656715087053424
2912,245056388.47007576,54943611.530469924,0.016497139117826413,0.007,0.01819025210759609
2913,241863926.12028843,58136073.88025725,0.016497139117826413,0.007,0.015928296115403785
2914,249082761.66312945,50917238.33741623,0.016497139117826413,0.007,0.016600356293660003
2915,235028711.014312,64971288.98623368,0.016497139117826413,0.007,0.016253851750537632
2916,279022515.91738164,24690575.698809624,0.016497139117826413,0.007,0.01752823407833579
2917,248777185.76779824,51222814.232747436,0.016497139117826413,0.007,0.01743072849374331
2918,269492770.39037573,30507229.610169947,0.016497139117826413,0.007,0.016233186664821948
2919,250528559.31969014,49471440.68085554,0.016497139117826413,0.007,0.016114089365899083
2920,262856366.57847488,37143633.4220708,0.016497139117826413,0.007,0.016105421029609213
2921,246372144.79157892,53627855.20896676,0.016497139117826413,0.007,0.016418080913461024
2922,259305272.30739963,40694727.69314605,0.016497139117826413,0.007,0.018026903932557608
2923,256909192.0822555,43090807.91829017,0.016497139117826413,0.007,0.01685327283650627
2924,241765034.41835934,58234965.58218634,0.016497139117826413,0.007,0.01567602229296639
2925,261708094.37457955,38291905.62596613,0.016497139117826413,0.007,0.01676144547157757
2926,263053719.2155937,36946280.784951985,0.016497139117826413,0.007,0.017512739153599678
2927,250641533.98815298,49358466.0123927,0.016497139117826413,0.007,0.017673926748980235
2928,266577150.14821112,33422849.85233456,0.016497139117826413,0.007,0.016155840097096988
2929,240571244.39317417,59428755.60737151,0.016497139117826413,0.007,0.017060458085296996
2930,237253213.3085691,62746786.69197658,0.016497139117826413,0.007,0.01526179673278314
2931,228180731.3308292,71819268.66971648,0.016497139117826413,0.007,0.015535212296469123
2932,242312514.77511635,57687485.22542933,0.016497139117826413,0.007,0.015404915190356715
2933,254523273.66873118,45476726.3318145,0.016497139117826413,0.007,0.016327947043121474
2934,255300581.2648041,44699418.735741585,0.016497139117826413,0.007,0.01645240839594324
2935,274243023.7104313,25756976.290114403,0.016497139117826413,0.007,0.01749493663137252
2936,253059023.1304772,46940976.87006849,0.016497139117826413,0.007,0.017179782979216976
2937,252038823.8146758,47961176.18586987,0.016497139117826413,0.007,0.01702490217472963
2938,247905908.0654484,52094091.93509728,0.016497139117826413,0.007,0.0161677274188417
2939,251147641.62022555,48852358.38032013,0.016497139117826413,0.007,0.01660338429201486
2940,247093264.46911284,52906735.53143284,0.016497139117826413,0.007,0.01732225926214135
2941,258097969.98107582,41902030.01946986,0.016497139117826413,0.007,0.015735698976365325
2942,269004657.1698983,30995342.83064741,0.016497139117826413,0.007,0.01747862699343011
2943,259920623.45098662,40079376.54955906,0.016497139117826413,0.007,0.01824145153636281
2944,260863477.90551034,39136522.095035344,0.016497139117826413,0.007,0.015558129951534693
2945,266591007.80724537,33408992.193300307,0.016497139117826413,0.007,0.01733298980914556
2946,227554987.02907225,72445012.97147343,0.016497139117826413,0.007,0.014439149057093903
2947,252008434.11475345,47991565.885792226,0.016497139117826413,0.007,0.015652206276239842
2948,259228726.18200803,40771273.81853765,0.016497139117826413,0.007,0.016994127237810176
2949,253755387.50668675,46244612.49385893,0.016497139117826413,0.007,0.017054878982173113
2950,254624126.36204672,45375873.63849896,0.016497139117826413,0.007,0.017101342283874346
2951,244298815.91132995,55701184.089215726,0.016497139117826413,0.007,0.017152733047391844
2952,273638812.0064784,26361187.99406725,0.016497139117826413,0.007,0.0166794540936847
2953,249817698.02171627,50182301.97882941,0.016497139117826413,0.007,0.01615856978581412
2954,260603329.79311144,39396670.20743424,0.016497139117826413,0.007,0.017587626774972248
2955,251830015.36173669,48169984.638808995,0.016497139117826413,0.007,0.016406782045700993
2956,267890370.8535463,32109629.14699939,0.016497139117826413,0.007,0.01592933343818767
2957,286102268.0143323,24145979.383098125,0.016497139117826413,0.007,0.017969311733054567
2958,259766509.61219716,40233490.38834852,0.016497139117826413,0.007,0.016220796107418042
2959,246768549.918046,53231450.08249968,0.016497139117826413,0.007,0.015526877326401765
2960,236413307.23872373,63586692.761821955,0.016497139117826413,0.007,0.016934496258153568
2961,248028394.3289887,51971605.67155698,0.016497139117826413,0.007,0.015748557128978886
2962,245862259.41947448,54137740.5810712,0.016497139117826413,0.007,0.016952344333307078
2963,263002617.80474424,36997382.19580144,0.016497139117826413,0.007,0.017480335800326263
2964,251247366.77711874,48752633.22342694,0.016497139117826413,0.007,0.018319491892578945
2965,241106611.29468003,58893388.70586565,0.016497139117826413,0.007,0.015639584277991593
2966,257734610.7217828,42265389.27876288,0.016497139117826413,0.007,0.017539186341495042
2967,260811336.5249414,39188663.475604266,0.016497139117826413,0.007,0.01853140989415624
2968,259218945.28413883,40781054.71640685,0.016497139117826413,0.007,0.016578205739895605
2969,253255901.7006756,46744098.299870074,0.016497139117826413,0.007,0.016815151075724444
2970,247939742.9124683,52060257.08807737,0.016497139117826413,0.007,0.01610110991865744
2971,266295643.46521175,33704356.53533393,0.016497139117826413,0.007,0.016568354381252023
2972,241180250.8023862,58819749.198159486,0.016497139117826413,0.007,0.016112940872054886
2973,264901060.54878575,35098939.451759934,0.016497139117826413,0.007,0.015834352651301023
2974,259666034.14229885,40333965.85824683,0.016497139117826413,0.007,0.01714169943072671
2975,250687459.11246195,49312540.888083726,0.016497139117826413,0.007,0.016838000936645132
2976,249513243.0350596,50486756.96548608,0.016497139117826413,0.007,0.01712318893566211
2977,254247131.44825855,45752868.55228713,0.016497139117826413,0.007,0.016183120186046226
2978,252699124.14849177,47300875.85205391,0.016497139117826413,0.007,0.017360695076876504
2979,259598422.61721697,40401577.383328706,0.016497139117826413,0.007,0.015833285441094715
2980,263308631.08565724,36691368.91488844,0.016497139117826413,0.007,0.017931339929747284
2981,247900688.08658805,52099311.913957626,0.016497139117826413,0.007,0.017053621414809914
2982,255446556.71712914,44553443.28341654,0.016497139117826413,0.007,0.01693962210688459
2983,269996557.431975,30003442.568570673,0.016497139117826413,0.007,0.01638186198906793
2984,284432377.7305216,24274432.481903076,0.016497139117826413,0.007,0.017939908724204683
2985,269187737.7236461,30812262.276899576,0.016497139117826413,0.007,0.01838156212161175
2986,247775641.72053996,52224358.28000572,0.016497139117826413,0.007,0.017156011071361277
2987,266104322.0718565,33895677.92868918,0.016497139117826413,0.007,0.016121074177499094
2988,251450086.9335408,48549913.06700489,0.016497139117826413,0.007,0.015806161100149797
2989,245312106.75584924,54687893.24469644,0.016497139117826413,0.007,0.015334004892737726
2990,274179913.35286397,25820086.647681713,0.016497139117826413,0.007,0.01843856738964362
2991,231826683.5004038,68173316.50014189,0.016497139117826413,0.007,0.016314593054600573
2992,250930506.8526181,49069493.14792758,0.016497139117826413,0.007,0.016339277815284395
2993,244240934.87489077,55759065.125654906,0.016497139117826413,0.007,0.016413614762012346
2994,229156248.9856506,70843751.01489508,0.016497139117826413,0.007,0.01507974379305394
2995,230252919.3526957,69747080.64784998,0.016497139117826413,0.007,0.016173380657437383
2996,248965271.72284666,51034728.27769902,0.016497139117826413,0.007,0.016306001014625364
2997,267232443.608218,32767556.392327666,0.016497139117826413,0.007,0.01773140797802577
2998,234420185.039374,65579814.96117169,0.016497139117826413,0.007,0.016433266883899487
2999,277334287.4595006,24820439.425736725,0.016497139117826413,0.007,0.01743893734830506
